Height,width_Predicted
0.004,2.9317757206415833
0.008,2.9308404696692505
0.012,2.929905218696918
0.016,2.9289699677245853
0.02,2.928034716752253
0.024,2.92709946577992
0.028,2.9261642148075877
0.032,2.9252289638352553
0.036000000000000004,2.9242937128629225
0.04000000000000001,2.92335846189059
0.044,2.9224232109182573
0.048,2.921487959945925
0.052000000000000005,2.9205527089735925
0.05600000000000001,2.9196174580012597
0.06,2.9186822070289273
0.064,2.9177469560565945
0.068,2.916811705084262
0.07200000000000001,2.9158764541119293
0.07600000000000001,2.914941203139597
0.08,2.9140059521672645
0.084,2.9130707011949317
0.08800000000000001,2.9121354502225993
0.092,2.9112001992502665
0.096,2.910264948277934
0.1,2.9093296973056018
0.10400000000000001,2.908394446333269
0.10800000000000001,2.9074591953609366
0.112,2.9065239443886037
0.116,2.9055886934162714
0.12000000000000001,2.9046534424439385
0.124,2.903718191471606
0.128,2.9027829404992738
0.132,2.901847689526941
0.136,2.9009124385546086
0.14,2.8999771875822757
0.14400000000000002,2.8990419366099434
0.14800000000000002,2.898106685637611
0.152,2.897171434665278
0.156,2.8962361836929458
0.16,2.895300932720613
0.164,2.8943656817482806
0.168,2.8934304307759477
0.17200000000000001,2.8924951798036154
0.17600000000000002,2.891559928831283
0.18,2.89062467785895
0.184,2.889689426886618
0.188,2.888754175914285
0.192,2.8878189249419526
0.196,2.8868836739696198
0.2,2.8859484229972874
0.20400000000000001,2.885013172024955
0.20800000000000002,2.884077921052622
0.21200000000000002,2.88314267008029
0.216,2.882207419107957
0.22,2.8812721681356246
0.224,2.880336917163292
0.228,2.8794016661909594
0.232,2.878466415218627
0.23600000000000002,2.877531164246294
0.24000000000000002,2.876595913273962
0.244,2.875660662301629
0.248,2.8747254113292966
0.252,2.873790160356964
0.256,2.8728549093846314
0.26,2.871919658412299
0.264,2.870984407439966
0.268,2.870049156467634
0.272,2.8691139054953014
0.276,2.8681786545229686
0.28,2.8672434035506362
0.28400000000000003,2.8663081525783034
0.28800000000000003,2.865372901605971
0.29200000000000004,2.864437650633638
0.296,2.863502399661306
0.3,2.8625671486889734
0.304,2.8616318977166406
0.308,2.8606966467443082
0.312,2.8597613957719754
0.316,2.858826144799643
0.32,2.85789089382731
0.324,2.856955642854978
0.328,2.8560203918826454
0.332,2.8550851409103126
0.336,2.8541498899379802
0.34,2.8532146389656474
0.34400000000000003,2.852279387993315
0.34800000000000003,2.8513441370209827
0.35200000000000004,2.85040888604865
0.356,2.8494736350763175
0.36,2.8485383841039846
0.364,2.8476031331316523
0.368,2.8466678821593194
0.372,2.845732631186987
0.376,2.8447973802146547
0.38,2.843862129242322
0.384,2.8429268782699895
0.388,2.8419916272976566
0.392,2.8410563763253243
0.396,2.840121125352992
0.4,2.839185874380659
0.404,2.8382506234083267
0.40800000000000003,2.837315372435994
0.41200000000000003,2.8363801214636615
0.41600000000000004,2.8354448704913287
0.42000000000000004,2.8345096195189963
0.424,2.833574368546664
0.428,2.832639117574331
0.432,2.8317038666019987
0.436,2.830768615629666
0.44,2.8298333646573335
0.444,2.828898113685001
0.448,2.8279628627126683
0.452,2.827027611740336
0.456,2.826092360768003
0.46,2.8251571097956707
0.464,2.824221858823338
0.468,2.8232866078510055
0.47200000000000003,2.822351356878673
0.47600000000000003,2.8214161059063403
0.48000000000000004,2.820480854934008
0.484,2.819545603961675
0.488,2.8186103529893427
0.492,2.8176751020170103
0.496,2.8167398510446775
0.5,2.815804600072345
0.504,2.8148693491000123
0.508,2.81393409812768
0.512,2.812998847155347
0.516,2.8120635961830147
0.52,2.8111283452106823
0.524,2.8101930942383495
0.528,2.809257843266017
0.532,2.8083225922936843
0.536,2.807387341321352
0.54,2.806452090349019
0.544,2.8055168393766867
0.548,2.8045815884043543
0.552,2.8036463374320215
0.556,2.802711086459689
0.56,2.8017758354873563
0.5640000000000001,2.800840584515024
0.5680000000000001,2.799905333542691
0.5720000000000001,2.7989700825703587
0.5760000000000001,2.7980348315980264
0.5800000000000001,2.7970995806256935
0.584,2.796164329653361
0.588,2.7952290786810283
0.592,2.794293827708696
0.596,2.7933585767363636
0.6,2.7924233257640307
0.604,2.7914880747916984
0.608,2.7905528238193655
0.612,2.789617572847033
0.616,2.7886823218747008
0.62,2.787747070902368
0.624,2.7868118199300356
0.628,2.7858765689577027
0.632,2.7849413179853704
0.636,2.7840060670130375
0.64,2.783070816040705
0.644,2.782135565068373
0.648,2.78120031409604
0.652,2.7802650631237076
0.656,2.7793298121513748
0.66,2.7783945611790424
0.664,2.7774593102067096
0.668,2.776524059234377
0.672,2.775588808262045
0.676,2.774653557289712
0.68,2.7737183063173796
0.684,2.7727830553450468
0.6880000000000001,2.7718478043727144
0.6920000000000001,2.7709125534003816
0.6960000000000001,2.769977302428049
0.7000000000000001,2.769042051455717
0.7040000000000001,2.768106800483384
0.708,2.7671715495110516
0.712,2.766236298538719
0.716,2.7653010475663864
0.72,2.764365796594054
0.724,2.763430545621721
0.728,2.762495294649389
0.732,2.761560043677056
0.736,2.7606247927047236
0.74,2.7596895417323912
0.744,2.7587542907600584
0.748,2.757819039787726
0.752,2.756883788815393
0.756,2.755948537843061
0.76,2.755013286870728
0.764,2.7540780358983956
0.768,2.7531427849260632
0.772,2.7522075339537304
0.776,2.751272282981398
0.78,2.750337032009065
0.784,2.749401781036733
0.788,2.7484665300644
0.792,2.7475312790920676
0.796,2.7465960281197352
0.8,2.7456607771474024
0.804,2.74472552617507
0.808,2.743790275202737
0.812,2.742855024230405
0.8160000000000001,2.7419197732580725
0.8200000000000001,2.7409845222857396
0.8240000000000001,2.7400492713134073
0.8280000000000001,2.7391140203410744
0.8320000000000001,2.738178769368742
0.8360000000000001,2.7372435183964092
0.84,2.736308267424077
0.844,2.7353730164517445
0.848,2.7344377654794116
0.852,2.7335025145070793
0.856,2.7325672635347464
0.86,2.731632012562414
0.864,2.7306967615900817
0.868,2.729761510617749
0.872,2.7288262596454165
0.876,2.7278910086730837
0.88,2.7269557577007513
0.884,2.7260205067284184
0.888,2.725085255756086
0.892,2.7241500047837537
0.896,2.723214753811421
0.9,2.7222795028390885
0.904,2.7213442518667557
0.908,2.7204090008944233
0.912,2.7194737499220905
0.916,2.718538498949758
0.92,2.7176032479774257
0.924,2.716667997005093
0.928,2.7157327460327605
0.932,2.7147974950604277
0.936,2.7138622440880953
0.9400000000000001,2.712926993115763
0.9440000000000001,2.71199174214343
0.9480000000000001,2.7110564911710977
0.9520000000000001,2.710121240198765
0.9560000000000001,2.7091859892264325
0.9600000000000001,2.7082507382540997
0.964,2.7073154872817673
0.968,2.706380236309435
0.972,2.705444985337102
0.976,2.7045097343647697
0.98,2.703574483392437
0.984,2.7026392324201045
0.988,2.701703981447772
0.992,2.7007687304754393
0.996,2.699833479503107
1.0,2.698898228530774
1.004,2.6979629775584417
1.008,2.697027726586109
1.012,2.6960924756137765
1.016,2.695157224641444
1.02,2.6942219736691113
1.024,2.693286722696779
1.028,2.692351471724446
1.032,2.6914162207521137
1.036,2.690480969779781
1.04,2.6895457188074485
1.044,2.688610467835116
1.048,2.6876752168627833
1.052,2.686739965890451
1.056,2.685804714918118
1.06,2.6848694639457857
1.064,2.6839342129734534
1.068,2.6829989620011205
1.072,2.682063711028788
1.076,2.6811284600564553
1.08,2.680193209084123
1.084,2.6792579581117906
1.088,2.6783227071394577
1.092,2.6773874561671254
1.096,2.6764522051947925
1.1,2.67551695422246
1.104,2.6745817032501273
1.108,2.673646452277795
1.112,2.6727112013054626
1.116,2.6717759503331298
1.12,2.6708406993607974
1.124,2.6699054483884646
1.1280000000000001,2.668970197416132
1.1320000000000001,2.6680349464437993
1.1360000000000001,2.667099695471467
1.1400000000000001,2.6661644444991346
1.1440000000000001,2.6652291935268018
1.1480000000000001,2.6642939425544694
1.1520000000000001,2.6633586915821366
1.1560000000000001,2.662423440609804
1.16,2.661488189637472
1.164,2.660552938665139
1.168,2.6596176876928066
1.172,2.6586824367204738
1.176,2.6577471857481414
1.18,2.656811934775809
1.184,2.655876683803476
1.188,2.654941432831144
1.192,2.654006181858811
1.196,2.6530709308864786
1.2,2.652135679914146
1.204,2.6512004289418134
1.208,2.650265177969481
1.212,2.649329926997148
1.216,2.648394676024816
1.22,2.647459425052483
1.224,2.6465241740801506
1.228,2.645588923107818
1.232,2.6446536721354854
1.236,2.643718421163153
1.24,2.64278317019082
1.244,2.641847919218488
1.248,2.640912668246155
1.252,2.6399774172738226
1.256,2.63904216630149
1.26,2.6381069153291574
1.264,2.637171664356825
1.268,2.636236413384492
1.272,2.63530116241216
1.276,2.634365911439827
1.28,2.6334306604674946
1.284,2.6324954094951623
1.288,2.6315601585228294
1.292,2.630624907550497
1.296,2.6296896565781642
1.3,2.628754405605832
1.304,2.6278191546334995
1.308,2.6268839036611666
1.312,2.6259486526888343
1.316,2.6250134017165014
1.32,2.624078150744169
1.324,2.6231428997718362
1.328,2.622207648799504
1.332,2.6212723978271715
1.336,2.6203371468548387
1.34,2.6194018958825063
1.344,2.6184666449101734
1.348,2.617531393937841
1.352,2.6165961429655082
1.356,2.615660891993176
1.36,2.6147256410208435
1.364,2.6137903900485107
1.368,2.6128551390761783
1.372,2.6119198881038455
1.3760000000000001,2.610984637131513
1.3800000000000001,2.6100493861591803
1.3840000000000001,2.609114135186848
1.3880000000000001,2.6081788842145155
1.3920000000000001,2.6072436332421827
1.3960000000000001,2.6063083822698503
1.4000000000000001,2.6053731312975175
1.4040000000000001,2.604437880325185
1.4080000000000001,2.6035026293528523
1.412,2.60256737838052
1.416,2.6016321274081875
1.42,2.6006968764358547
1.424,2.5997616254635223
1.428,2.59882637449119
1.432,2.597891123518857
1.436,2.5969558725465247
1.44,2.596020621574192
1.444,2.5950853706018595
1.448,2.5941501196295267
1.452,2.5932148686571943
1.456,2.592279617684862
1.46,2.591344366712529
1.464,2.5904091157401967
1.468,2.589473864767864
1.472,2.5885386137955315
1.476,2.5876033628231987
1.48,2.5866681118508663
1.484,2.585732860878534
1.488,2.584797609906201
1.492,2.5838623589338687
1.496,2.582927107961536
1.5,2.5819918569892035
1.504,2.5810566060168707
1.508,2.5801213550445383
1.512,2.579186104072206
1.516,2.578250853099873
1.52,2.5773156021275407
1.524,2.5763803511552084
1.528,2.5754451001828755
1.532,2.574509849210543
1.536,2.5735745982382103
1.54,2.572639347265878
1.544,2.571704096293545
1.548,2.5707688453212127
1.552,2.5698335943488804
1.556,2.5688983433765475
1.56,2.567963092404215
1.564,2.5670278414318823
1.568,2.56609259045955
1.572,2.565157339487217
1.576,2.5642220885148848
1.58,2.5632868375425524
1.584,2.5623515865702196
1.588,2.561416335597887
1.592,2.5604810846255543
1.596,2.559545833653222
1.6,2.558610582680889
1.604,2.5576753317085568
1.608,2.5567400807362244
1.612,2.5558048297638916
1.616,2.554869578791559
1.62,2.5539343278192264
1.624,2.552999076846894
1.6280000000000001,2.552063825874561
1.6320000000000001,2.5511285749022288
1.6360000000000001,2.5501933239298964
1.6400000000000001,2.5492580729575636
1.6440000000000001,2.548322821985231
1.6480000000000001,2.5473875710128984
1.6520000000000001,2.546452320040566
1.6560000000000001,2.5455170690682336
1.6600000000000001,2.544581818095901
1.6640000000000001,2.5436465671235684
1.6680000000000001,2.5427113161512356
1.672,2.541776065178903
1.676,2.540840814206571
1.68,2.539905563234238
1.684,2.5389703122619056
1.688,2.538035061289573
1.692,2.5370998103172404
1.696,2.5361645593449076
1.7,2.535229308372575
1.704,2.534294057400243
1.708,2.53335880642791
1.712,2.5324235554555776
1.716,2.531488304483245
1.72,2.5305530535109124
1.724,2.5296178025385796
1.728,2.528682551566247
1.732,2.527747300593915
1.736,2.526812049621582
1.74,2.5258767986492496
1.744,2.524941547676917
1.748,2.5240062967045844
1.752,2.523071045732252
1.756,2.5221357947599192
1.76,2.521200543787587
1.764,2.520265292815254
1.768,2.5193300418429216
1.772,2.5183947908705893
1.776,2.5174595398982564
1.78,2.516524288925924
1.784,2.5155890379535912
1.788,2.514653786981259
1.792,2.513718536008926
1.796,2.5127832850365937
1.8,2.5118480340642613
1.804,2.5109127830919284
1.808,2.509977532119596
1.812,2.5090422811472632
1.816,2.508107030174931
1.82,2.507171779202598
1.824,2.5062365282302657
1.828,2.5053012772579333
1.832,2.5043660262856005
1.836,2.503430775313268
1.84,2.5024955243409353
1.844,2.501560273368603
1.848,2.50062502239627
1.852,2.4996897714239377
1.856,2.4987545204516053
1.86,2.4978192694792725
1.864,2.49688401850694
1.868,2.4959487675346073
1.872,2.495013516562275
1.8760000000000001,2.494078265589942
1.8800000000000001,2.4931430146176097
1.8840000000000001,2.4922077636452773
1.8880000000000001,2.4912725126729445
1.8920000000000001,2.490337261700612
1.8960000000000001,2.4894020107282797
1.9000000000000001,2.488466759755947
1.9040000000000001,2.4875315087836145
1.9080000000000001,2.4865962578112817
1.9120000000000001,2.4856610068389493
1.9160000000000001,2.4847257558666165
1.9200000000000002,2.483790504894284
1.924,2.4828552539219517
1.928,2.481920002949619
1.932,2.4809847519772865
1.936,2.4800495010049537
1.94,2.4791142500326213
1.944,2.4781789990602885
1.948,2.477243748087956
1.952,2.4763084971156237
1.956,2.475373246143291
1.96,2.4744379951709585
1.964,2.4735027441986257
1.968,2.4725674932262933
1.972,2.471632242253961
1.976,2.470696991281628
1.98,2.4697617403092957
1.984,2.468826489336963
1.988,2.4678912383646305
1.992,2.466955987392298
1.996,2.4660207364199653
2.0,2.465085485447633
2.004,2.4641502344753
2.008,2.4632149835029677
2.012,2.462279732530635
2.016,2.4613444815583025
2.02,2.46040923058597
2.024,2.4594739796136373
2.028,2.458538728641305
2.032,2.457603477668972
2.036,2.4566682266966398
2.04,2.455732975724307
2.044,2.4547977247519746
2.048,2.453862473779642
2.052,2.4529272228073093
2.056,2.451991971834977
2.06,2.451056720862644
2.064,2.4501214698903118
2.068,2.449186218917979
2.072,2.4482509679456466
2.076,2.447315716973314
2.08,2.4463804660009814
2.084,2.445445215028649
2.088,2.444509964056316
2.092,2.4435747130839838
2.096,2.442639462111651
2.1,2.4417042111393186
2.104,2.440768960166986
2.108,2.4398337091946534
2.112,2.438898458222321
2.116,2.437963207249988
2.12,2.437027956277656
2.124,2.4360927053053234
2.128,2.4351574543329906
2.132,2.434222203360658
2.136,2.4332869523883254
2.14,2.432351701415993
2.144,2.4314164504436606
2.148,2.430481199471328
2.152,2.4295459484989954
2.156,2.4286106975266626
2.16,2.42767544655433
2.164,2.4267401955819974
2.168,2.425804944609665
2.172,2.4248696936373326
2.176,2.423934442665
2.18,2.4229991916926674
2.184,2.4220639407203346
2.188,2.421128689748002
2.192,2.4201934387756694
2.196,2.419258187803337
2.2,2.4183229368310046
2.204,2.417387685858672
2.208,2.4164524348863394
2.212,2.4155171839140066
2.216,2.4145819329416742
2.22,2.4136466819693414
2.224,2.412711430997009
2.228,2.4117761800246766
2.232,2.410840929052344
2.236,2.4099056780800114
2.24,2.408970427107679
2.244,2.4080351761353462
2.248,2.4070999251630134
2.2520000000000002,2.406164674190681
2.2560000000000002,2.4052294232183486
2.2600000000000002,2.404294172246016
2.2640000000000002,2.4033589212736834
2.2680000000000002,2.402423670301351
2.2720000000000002,2.4014884193290182
2.2760000000000002,2.4005531683566854
2.2800000000000002,2.399617917384353
2.2840000000000003,2.3986826664120207
2.2880000000000003,2.397747415439688
2.2920000000000003,2.3968121644673555
2.2960000000000003,2.395876913495023
2.3000000000000003,2.3949416625226903
2.3040000000000003,2.394006411550358
2.3080000000000003,2.393071160578025
2.312,2.3921359096056927
2.316,2.3912006586333603
2.32,2.3902654076610275
2.324,2.389330156688695
2.328,2.3883949057163623
2.332,2.38745965474403
2.336,2.3865244037716975
2.34,2.3855891527993647
2.344,2.3846539018270323
2.348,2.3837186508546995
2.352,2.382783399882367
2.356,2.3818481489100343
2.36,2.380912897937702
2.364,2.3799776469653695
2.368,2.3790423959930367
2.372,2.3781071450207043
2.376,2.3771718940483715
2.38,2.376236643076039
2.384,2.3753013921037063
2.388,2.374366141131374
2.392,2.3734308901590415
2.396,2.3724956391867087
2.4,2.3715603882143763
2.404,2.370625137242044
2.408,2.369689886269711
2.412,2.3687546352973783
2.416,2.367819384325046
2.42,2.3668841333527135
2.424,2.3659488823803807
2.428,2.3650136314080483
2.432,2.364078380435716
2.436,2.363143129463383
2.44,2.3622078784910503
2.444,2.361272627518718
2.448,2.3603373765463855
2.452,2.3594021255740527
2.456,2.3584668746017203
2.46,2.357531623629388
2.464,2.356596372657055
2.468,2.3556611216847227
2.472,2.35472587071239
2.476,2.3537906197400575
2.48,2.3528553687677247
2.484,2.3519201177953923
2.488,2.35098486682306
2.492,2.350049615850727
2.496,2.3491143648783948
2.5,2.348179113906062
2.504,2.3472438629337296
2.508,2.3463086119613967
2.512,2.3453733609890643
2.516,2.344438110016732
2.52,2.343502859044399
2.524,2.3425676080720668
2.528,2.341632357099734
2.532,2.3406971061274016
2.536,2.3397618551550687
2.54,2.3388266041827364
2.544,2.337891353210404
2.548,2.336956102238071
2.552,2.3360208512657388
2.556,2.3350856002934064
2.56,2.3341503493210736
2.564,2.3332150983487407
2.568,2.3322798473764084
2.572,2.331344596404076
2.576,2.330409345431743
2.58,2.329474094459411
2.584,2.3285388434870784
2.588,2.3276035925147456
2.592,2.3266683415424128
2.596,2.3257330905700804
2.6,2.324797839597748
2.604,2.323862588625415
2.608,2.322927337653083
2.612,2.3219920866807504
2.616,2.3210568357084176
2.62,2.320121584736085
2.624,2.3191863337637524
2.628,2.31825108279142
2.632,2.317315831819087
2.636,2.316380580846755
2.64,2.3154453298744224
2.644,2.3145100789020896
2.648,2.313574827929757
2.652,2.3126395769574244
2.656,2.311704325985092
2.66,2.310769075012759
2.664,2.309833824040427
2.668,2.3088985730680944
2.672,2.3079633220957616
2.676,2.3070280711234292
2.68,2.3060928201510964
2.684,2.305157569178764
2.688,2.304222318206431
2.692,2.303287067234099
2.696,2.3023518162617664
2.7,2.3014165652894336
2.704,2.3004813143171012
2.708,2.299546063344769
2.712,2.298610812372436
2.716,2.297675561400103
2.72,2.296740310427771
2.724,2.2958050594554384
2.728,2.2948698084831056
2.732,2.2939345575107732
2.736,2.292999306538441
2.74,2.292064055566108
2.744,2.291128804593775
2.748,2.290193553621443
2.7520000000000002,2.2892583026491105
2.7560000000000002,2.2883230516767776
2.7600000000000002,2.2873878007044453
2.7640000000000002,2.286452549732113
2.7680000000000002,2.28551729875978
2.7720000000000002,2.2845820477874477
2.7760000000000002,2.283646796815115
2.7800000000000002,2.2827115458427825
2.7840000000000003,2.2817762948704496
2.7880000000000003,2.2808410438981173
2.7920000000000003,2.279905792925785
2.7960000000000003,2.278970541953452
2.8000000000000003,2.2780352909811197
2.8040000000000003,2.277100040008787
2.8080000000000003,2.2761647890364545
2.8120000000000003,2.2752295380641216
2.8160000000000003,2.2742942870917893
2.82,2.273359036119457
2.824,2.272423785147124
2.828,2.2714885341747917
2.832,2.2705532832024593
2.836,2.2696180322301265
2.84,2.268682781257794
2.844,2.2677475302854613
2.848,2.266812279313129
2.852,2.265877028340796
2.856,2.2649417773684637
2.86,2.2640065263961313
2.864,2.2630712754237985
2.868,2.262136024451466
2.872,2.2612007734791337
2.876,2.260265522506801
2.88,2.259330271534468
2.884,2.2583950205621357
2.888,2.2574597695898033
2.892,2.2565245186174705
2.896,2.255589267645138
2.9,2.2546540166728057
2.904,2.253718765700473
2.908,2.25278351472814
2.912,2.2518482637558077
2.916,2.2509130127834753
2.92,2.2499777618111425
2.924,2.24904251083881
2.928,2.2481072598664777
2.932,2.247172008894145
2.936,2.2462367579218125
2.94,2.2453015069494797
2.944,2.2443662559771473
2.948,2.2434310050048145
2.952,2.242495754032482
2.956,2.2415605030601498
2.96,2.240625252087817
2.964,2.2396900011154846
2.968,2.2387547501431517
2.972,2.2378194991708193
2.976,2.2368842481984865
2.98,2.235948997226154
2.984,2.2350137462538218
2.988,2.234078495281489
2.992,2.2331432443091566
2.996,2.2322079933368237
3.0,2.2312727423644914
3.004,2.2303374913921585
3.008,2.229402240419826
3.012,2.2284669894474938
3.016,2.227531738475161
3.02,2.2265964875028286
3.024,2.225661236530496
3.028,2.2247259855581634
3.032,2.2237907345858305
3.036,2.222855483613498
3.04,2.221920232641166
3.044,2.220984981668833
3.048,2.2200497306965006
3.052,2.219114479724168
3.056,2.2181792287518354
3.06,2.217243977779503
3.064,2.21630872680717
3.068,2.215373475834838
3.072,2.214438224862505
3.076,2.2135029738901726
3.08,2.21256772291784
3.084,2.2116324719455074
3.088,2.210697220973175
3.092,2.209761970000842
3.096,2.20882671902851
3.1,2.207891468056177
3.104,2.2069562170838446
3.108,2.206020966111512
3.112,2.2050857151391794
3.116,2.204150464166847
3.12,2.203215213194514
3.124,2.202279962222182
3.128,2.201344711249849
3.132,2.2004094602775166
3.136,2.1994742093051842
3.14,2.1985389583328514
3.144,2.197603707360519
3.148,2.196668456388186
3.152,2.195733205415854
3.156,2.194797954443521
3.16,2.1938627034711886
3.164,2.1929274524988562
3.168,2.1919922015265234
3.172,2.191056950554191
3.176,2.1901216995818586
3.18,2.189186448609526
3.184,2.188251197637193
3.188,2.1873159466648606
3.192,2.1863806956925282
3.196,2.1854454447201954
3.2,2.184510193747863
3.204,2.1835749427755307
3.208,2.182639691803198
3.212,2.1817044408308655
3.216,2.1807691898585326
3.22,2.1798339388862003
3.224,2.1788986879138674
3.228,2.177963436941535
3.232,2.1770281859692027
3.236,2.17609293499687
3.24,2.1751576840245375
3.244,2.1742224330522046
3.248,2.1732871820798723
3.2520000000000002,2.1723519311075394
3.2560000000000002,2.171416680135207
3.2600000000000002,2.1704814291628747
3.2640000000000002,2.169546178190542
3.2680000000000002,2.1686109272182095
3.2720000000000002,2.1676756762458766
3.2760000000000002,2.1667404252735443
3.2800000000000002,2.1658051743012114
3.2840000000000003,2.164869923328879
3.2880000000000003,2.1639346723565467
3.2920000000000003,2.162999421384214
3.2960000000000003,2.1620641704118815
3.3000000000000003,2.161128919439549
3.3040000000000003,2.1601936684672163
3.3080000000000003,2.1592584174948835
3.3120000000000003,2.158323166522551
3.3160000000000003,2.1573879155502187
3.3200000000000003,2.156452664577886
3.3240000000000003,2.1555174136055535
3.3280000000000003,2.154582162633221
3.3320000000000003,2.1536469116608883
3.336,2.152711660688556
3.34,2.1517764097162235
3.344,2.1508411587438907
3.348,2.149905907771558
3.352,2.1489706567992255
3.356,2.148035405826893
3.36,2.1471001548545603
3.364,2.146164903882228
3.368,2.1452296529098955
3.372,2.1442944019375627
3.376,2.1433591509652303
3.38,2.1424238999928975
3.384,2.141488649020565
3.388,2.1405533980482323
3.392,2.1396181470759
3.396,2.1386828961035675
3.4,2.1377476451312347
3.404,2.1368123941589023
3.408,2.1358771431865695
3.412,2.134941892214237
3.416,2.1340066412419043
3.42,2.133071390269572
3.424,2.1321361392972396
3.428,2.1312008883249067
3.432,2.1302656373525743
3.436,2.1293303863802415
3.44,2.128395135407909
3.444,2.1274598844355763
3.448,2.126524633463244
3.452,2.1255893824909116
3.456,2.1246541315185787
3.46,2.1237188805462464
3.464,2.122783629573914
3.468,2.121848378601581
3.472,2.1209131276292483
3.476,2.119977876656916
3.48,2.1190426256845836
3.484,2.1181073747122507
3.488,2.1171721237399184
3.492,2.116236872767586
3.496,2.115301621795253
3.5,2.1143663708229203
3.504,2.113431119850588
3.508,2.1124958688782556
3.512,2.1115606179059228
3.516,2.1106253669335904
3.52,2.109690115961258
3.524,2.108754864988925
3.528,2.107819614016593
3.532,2.10688436304426
3.536,2.1059491120719276
3.54,2.1050138610995948
3.544,2.1040786101272624
3.548,2.10314335915493
3.552,2.102208108182597
3.556,2.101272857210265
3.56,2.100337606237932
3.564,2.0994023552655996
3.568,2.0984671042932668
3.572,2.0975318533209344
3.576,2.096596602348602
3.58,2.095661351376269
3.584,2.094726100403937
3.588,2.093790849431604
3.592,2.0928555984592716
3.596,2.091920347486939
3.6,2.0909850965146064
3.604,2.090049845542274
3.608,2.089114594569941
3.612,2.088179343597609
3.616,2.0872440926252764
3.62,2.0863088416529436
3.624,2.085373590680611
3.628,2.0844383397082784
3.632,2.083503088735946
3.636,2.082567837763613
3.64,2.081632586791281
3.644,2.0806973358189484
3.648,2.0797620848466156
3.652,2.078826833874283
3.656,2.0778915829019504
3.66,2.076956331929618
3.664,2.076021080957285
3.668,2.075085829984953
3.672,2.0741505790126205
3.676,2.0732153280402876
3.68,2.0722800770679553
3.684,2.0713448260956224
3.688,2.07040957512329
3.692,2.0694743241509572
3.696,2.068539073178625
3.7,2.0676038222062925
3.704,2.0666685712339596
3.708,2.0657333202616273
3.712,2.0647980692892944
3.716,2.063862818316962
3.72,2.0629275673446292
3.724,2.061992316372297
3.728,2.0610570653999645
3.732,2.0601218144276316
3.736,2.0591865634552993
3.74,2.0582513124829664
3.744,2.057316061510634
3.748,2.0563808105383012
3.7520000000000002,2.055445559565969
3.7560000000000002,2.0545103085936365
3.7600000000000002,2.0535750576213037
3.7640000000000002,2.0526398066489713
3.7680000000000002,2.051704555676639
3.7720000000000002,2.050769304704306
3.7760000000000002,2.0498340537319732
3.7800000000000002,2.048898802759641
3.7840000000000003,2.0479635517873085
3.7880000000000003,2.0470283008149757
3.7920000000000003,2.0460930498426433
3.7960000000000003,2.045157798870311
3.8000000000000003,2.044222547897978
3.8040000000000003,2.0432872969256457
3.8080000000000003,2.042352045953313
3.8120000000000003,2.0414167949809805
3.8160000000000003,2.0404815440086477
3.8200000000000003,2.0395462930363153
3.8240000000000003,2.038611042063983
3.8280000000000003,2.03767579109165
3.8320000000000003,2.0367405401193177
3.8360000000000003,2.035805289146985
3.8400000000000003,2.0348700381746525
3.844,2.03393478720232
3.848,2.0329995362299873
3.852,2.032064285257655
3.856,2.031129034285322
3.86,2.0301937833129897
3.864,2.0292585323406573
3.868,2.0283232813683245
3.872,2.027388030395992
3.876,2.0264527794236593
3.88,2.025517528451327
3.884,2.024582277478994
3.888,2.0236470265066617
3.892,2.0227117755343293
3.896,2.0217765245619965
3.9,2.020841273589664
3.904,2.0199060226173313
3.908,2.018970771644999
3.912,2.018035520672666
3.916,2.0171002697003337
3.92,2.0161650187280014
3.924,2.0152297677556685
3.928,2.014294516783336
3.932,2.0133592658110038
3.936,2.012424014838671
3.94,2.011488763866338
3.944,2.0105535128940057
3.948,2.0096182619216734
3.952,2.0086830109493405
3.956,2.007747759977008
3.96,2.006812509004676
3.964,2.005877258032343
3.968,2.00494200706001
3.972,2.0040067560876778
3.976,2.0030715051153454
3.98,2.0021362541430126
3.984,2.00120100317068
3.988,2.000265752198348
3.992,1.999330501226015
3.996,1.9983952502536826
4.0,1.9974599992813498
4.004,1.9965247483090174
4.008,1.9955894973366848
4.012,1.9946542463643522
4.016,1.9937189953920196
4.02,1.9927837444196872
4.024,1.9918484934473546
4.028,1.990913242475022
4.032,1.9899779915026894
4.036,1.989042740530357
4.04,1.9881074895580242
4.044,1.9871722385856918
4.048,1.986236987613359
4.052,1.9853017366410266
4.056,1.9843664856686938
4.06,1.9834312346963614
4.064,1.9824959837240288
4.068,1.9815607327516962
4.072,1.9806254817793638
4.076,1.9796902308070312
4.08,1.9787549798346986
4.084,1.9778197288623662
4.088,1.9768844778900334
4.092,1.975949226917701
4.096,1.9750139759453682
4.1,1.9740787249730358
4.103999999999999,1.9731434740007034
4.108,1.9722082230283706
4.111999999999999,1.9712729720560382
4.116,1.9703377210837054
4.119999999999999,1.969402470111373
4.124,1.9684672191390404
4.127999999999999,1.9675319681667078
4.132,1.9665967171943752
4.135999999999999,1.9656614662220429
4.14,1.9647262152497103
4.143999999999999,1.9637909642773776
4.148,1.962855713305045
4.151999999999999,1.9619204623327127
4.156,1.9609852113603798
4.159999999999999,1.9600499603880475
4.164,1.9591147094157146
4.167999999999999,1.9581794584433823
4.172,1.9572442074710497
4.175999999999999,1.956308956498717
4.18,1.9553737055263845
4.183999999999999,1.9544384545540519
4.188,1.9535032035817195
4.191999999999999,1.9525679526093869
4.196,1.9516327016370543
4.199999999999999,1.9506974506647219
4.204,1.949762199692389
4.207999999999999,1.9488269487200567
4.212,1.9478916977477239
4.215999999999999,1.9469564467753915
4.22,1.9460211958030587
4.223999999999999,1.9450859448307263
4.228,1.9441506938583937
4.231999999999999,1.943215442886061
4.236,1.9422801919137287
4.239999999999999,1.941344940941396
4.244,1.9404096899690635
4.247999999999999,1.939474438996731
4.252,1.9385391880243983
4.255999999999999,1.937603937052066
4.26,1.936668686079733
4.263999999999999,1.9357334351074007
4.268,1.9347981841350679
4.271999999999999,1.9338629331627355
4.276,1.932927682190403
4.279999999999999,1.9319924312180705
4.284,1.9310571802457377
4.287999999999999,1.9301219292734053
4.292,1.9291866783010727
4.295999999999999,1.92825142732874
4.3,1.9273161763564075
4.303999999999999,1.9263809253840751
4.308,1.9254456744117423
4.311999999999999,1.92451042343941
4.316,1.9235751724670773
4.319999999999999,1.9226399214947447
4.324,1.9217046705224121
4.327999999999999,1.9207694195500795
4.332,1.919834168577747
4.335999999999999,1.9188989176054145
4.34,1.9179636666330817
4.343999999999999,1.9170284156607493
4.348,1.9160931646884167
4.351999999999999,1.9151579137160841
4.356,1.9142226627437515
4.359999999999999,1.9132874117714191
4.364,1.9123521607990863
4.367999999999999,1.911416909826754
4.372,1.9104816588544213
4.3759999999999994,1.9095464078820887
4.38,1.9086111569097561
4.3839999999999995,1.9076759059374238
4.388,1.906740654965091
4.3919999999999995,1.9058054039927586
4.396,1.904870153020426
4.3999999999999995,1.9039349020480933
4.404,1.9029996510757607
4.4079999999999995,1.9020644001034284
4.412,1.9011291491310955
4.4159999999999995,1.9001938981587632
4.42,1.8992586471864306
4.4239999999999995,1.898323396214098
4.428,1.8973881452417654
4.4319999999999995,1.896452894269433
4.436,1.8955176432971002
4.4399999999999995,1.8945823923247678
4.444,1.8936471413524352
4.4479999999999995,1.8927118903801026
4.452,1.89177663940777
4.4559999999999995,1.8908413884354376
4.46,1.8899061374631048
4.4639999999999995,1.8889708864907724
4.468,1.8880356355184398
4.4719999999999995,1.8871003845461072
4.476,1.8861651335737746
4.4799999999999995,1.885229882601442
4.484,1.8842946316291094
4.4879999999999995,1.883359380656777
4.492,1.8824241296844442
4.4959999999999996,1.8814888787121118
4.5,1.8805536277397792
4.504,1.8796183767674466
4.508,1.878683125795114
4.512,1.8777478748227816
4.516,1.8768126238504488
4.52,1.8758773728781164
4.524,1.8749421219057838
4.528,1.8740068709334512
4.532,1.8730716199611186
4.536,1.8721363689887862
4.54,1.8712011180164534
4.544,1.870265867044121
4.548,1.8693306160717884
4.552,1.8683953650994558
4.556,1.8674601141271232
4.56,1.8665248631547908
4.564,1.865589612182458
4.568,1.8646543612101256
4.572,1.863719110237793
4.576,1.8627838592654604
4.58,1.8618486082931278
4.584,1.8609133573207954
4.588,1.8599781063484626
4.592,1.8590428553761302
4.596,1.8581076044037976
4.6,1.857172353431465
4.604,1.8562371024591324
4.608,1.8553018514868
4.612,1.8543666005144672
4.616,1.8534313495421348
4.619999999999999,1.8524960985698025
4.624,1.8515608475974696
4.627999999999999,1.8506255966251373
4.632,1.8496903456528047
4.635999999999999,1.848755094680472
4.64,1.8478198437081395
4.643999999999999,1.8468845927358069
4.648,1.8459493417634742
4.651999999999999,1.8450140907911419
4.656,1.844078839818809
4.659999999999999,1.8431435888464767
4.664,1.842208337874144
4.667999999999999,1.8412730869018115
4.672,1.8403378359294789
4.675999999999999,1.8394025849571465
4.68,1.8384673339848137
4.683999999999999,1.8375320830124813
4.688,1.8365968320401487
4.691999999999999,1.835661581067816
4.696,1.8347263300954835
4.699999999999999,1.833791079123151
4.704,1.8328558281508183
4.707999999999999,1.8319205771784859
4.712,1.8309853262061533
4.715999999999999,1.8300500752338207
4.72,1.829114824261488
4.723999999999999,1.8281795732891557
4.728,1.8272443223168229
4.731999999999999,1.8263090713444905
4.736,1.825373820372158
4.739999999999999,1.8244385693998253
4.744,1.8235033184274927
4.747999999999999,1.8225680674551603
4.752,1.8216328164828275
4.755999999999999,1.820697565510495
4.76,1.8197623145381625
4.763999999999999,1.81882706356583
4.768,1.8178918125934973
4.771999999999999,1.816956561621165
4.776,1.816021310648832
4.779999999999999,1.8150860596764997
4.784,1.8141508087041671
4.787999999999999,1.8132155577318345
4.792,1.812280306759502
4.795999999999999,1.8113450557871693
4.8,1.8104098048148367
4.803999999999999,1.8094745538425043
4.808,1.8085393028701717
4.811999999999999,1.8076040518978391
4.816,1.8066688009255065
4.819999999999999,1.805733549953174
4.824,1.8047982989808413
4.827999999999999,1.803863048008509
4.832,1.8029277970361761
4.835999999999999,1.8019925460638437
4.84,1.8010572950915111
4.843999999999999,1.8001220441191785
4.848,1.799186793146846
4.851999999999999,1.7982515421745136
4.856,1.7973162912021807
4.859999999999999,1.7963810402298483
4.864,1.7954457892575157
4.867999999999999,1.7945105382851831
4.872,1.7935752873128505
4.8759999999999994,1.7926400363405182
4.88,1.7917047853681853
4.8839999999999995,1.790769534395853
4.888,1.7898342834235204
4.8919999999999995,1.7888990324511878
4.896,1.7879637814788552
4.8999999999999995,1.7870285305065228
4.904,1.78609327953419
4.9079999999999995,1.7851580285618576
4.912,1.784222777589525
4.9159999999999995,1.7832875266171924
4.92,1.7823522756448598
4.9239999999999995,1.7814170246725274
4.928,1.7804817737001946
4.9319999999999995,1.7795465227278622
4.936,1.7786112717555296
4.9399999999999995,1.777676020783197
4.944,1.7767407698108644
4.9479999999999995,1.775805518838532
4.952,1.7748702678661992
4.9559999999999995,1.7739350168938668
4.96,1.7729997659215342
4.9639999999999995,1.7720645149492016
4.968,1.771129263976869
4.9719999999999995,1.7701940130045364
4.976,1.7692587620322038
4.9799999999999995,1.7683235110598714
4.984,1.7673882600875386
4.9879999999999995,1.7664530091152062
4.992,1.7655177581428736
4.9959999999999996,1.764582507170541
5.0,1.7636472561982084
5.004,1.762712005225876
5.008,1.7617767542535432
5.012,1.7608415032812108
5.016,1.7599062523088782
5.02,1.7589710013365456
5.024,1.758035750364213
5.028,1.7571004993918806
5.032,1.7561652484195478
5.036,1.7552299974472154
5.04,1.7542947464748828
5.044,1.7533594955025502
5.048,1.7524242445302176
5.052,1.7514889935578852
5.056,1.7505537425855524
5.06,1.74961849161322
5.064,1.7486832406408874
5.068,1.7477479896685548
5.072,1.7468127386962222
5.076,1.7458774877238898
5.08,1.744942236751557
5.084,1.7440069857792246
5.088,1.743071734806892
5.092,1.7421364838345594
5.096,1.7412012328622268
5.1,1.7402659818898945
5.104,1.7393307309175616
5.108,1.7383954799452292
5.112,1.7374602289728966
5.116,1.736524978000564
5.12,1.7355897270282314
5.124,1.734654476055899
5.127999999999999,1.7337192250835665
5.132,1.7327839741112339
5.135999999999999,1.7318487231389013
5.14,1.7309134721665687
5.143999999999999,1.7299782211942363
5.148,1.7290429702219035
5.151999999999999,1.728107719249571
5.156,1.7271724682772385
5.159999999999999,1.7262372173049059
5.164,1.7253019663325733
5.167999999999999,1.7243667153602409
5.172,1.723431464387908
5.175999999999999,1.7224962134155757
5.18,1.721560962443243
5.183999999999999,1.7206257114709105
5.188,1.7196904604985779
5.191999999999999,1.7187552095262455
5.196,1.7178199585539127
5.199999999999999,1.7168847075815803
5.204,1.7159494566092477
5.207999999999999,1.715014205636915
5.212,1.7140789546645825
5.215999999999999,1.71314370369225
5.22,1.7122084527199173
5.223999999999999,1.711273201747585
5.228,1.7103379507752523
5.231999999999999,1.7094026998029197
5.236,1.708467448830587
5.239999999999999,1.7075321978582547
5.244,1.706596946885922
5.247999999999999,1.7056616959135895
5.252,1.704726444941257
5.255999999999999,1.7037911939689243
5.26,1.7028559429965917
5.263999999999999,1.7019206920242593
5.268,1.7009854410519265
5.271999999999999,1.7000501900795941
5.276,1.6991149391072615
5.279999999999999,1.698179688134929
5.284,1.6972444371625963
5.287999999999999,1.6963091861902637
5.292,1.6953739352179311
5.295999999999999,1.6944386842455987
5.3,1.693503433273266
5.303999999999999,1.6925681823009335
5.308,1.691632931328601
5.311999999999999,1.6906976803562683
5.316,1.6897624293839357
5.319999999999999,1.6888271784116033
5.324,1.6878919274392705
5.327999999999999,1.6869566764669381
5.332,1.6860214254946055
5.335999999999999,1.685086174522273
5.34,1.6841509235499403
5.343999999999999,1.683215672577608
5.348,1.6822804216052751
5.351999999999999,1.6813451706329428
5.356,1.6804099196606102
5.359999999999999,1.6794746686882775
5.364,1.678539417715945
5.367999999999999,1.6776041667436126
5.372,1.6766689157712797
5.3759999999999994,1.6757336647989474
5.38,1.6747984138266148
5.3839999999999995,1.6738631628542822
5.388,1.6729279118819496
5.3919999999999995,1.6719926609096172
5.396,1.6710574099372844
5.3999999999999995,1.670122158964952
5.404,1.6691869079926194
5.4079999999999995,1.6682516570202868
5.412,1.6673164060479542
5.4159999999999995,1.6663811550756218
5.42,1.665445904103289
5.4239999999999995,1.6645106531309566
5.428,1.663575402158624
5.4319999999999995,1.6626401511862914
5.436,1.6617049002139588
5.4399999999999995,1.6607696492416264
5.444,1.6598343982692936
5.4479999999999995,1.6588991472969612
5.452,1.6579638963246286
5.4559999999999995,1.657028645352296
5.46,1.6560933943799634
5.4639999999999995,1.6551581434076308
5.468,1.6542228924352982
5.4719999999999995,1.6532876414629658
5.476,1.652352390490633
5.4799999999999995,1.6514171395183006
5.484,1.650481888545968
5.4879999999999995,1.6495466375736354
5.492,1.6486113866013028
5.4959999999999996,1.6476761356289704
5.5,1.6467408846566376
5.504,1.6458056336843052
5.508,1.6448703827119726
5.512,1.64393513173964
5.516,1.6429998807673074
5.52,1.642064629794975
5.524,1.6411293788226422
5.528,1.6401941278503098
5.532,1.6392588768779772
5.536,1.6383236259056446
5.54,1.637388374933312
5.544,1.6364531239609796
5.548,1.6355178729886468
5.552,1.6345826220163144
5.556,1.6336473710439818
5.56,1.6327121200716492
5.564,1.6317768690993166
5.568,1.6308416181269842
5.572,1.6299063671546514
5.576,1.628971116182319
5.58,1.6280358652099864
5.584,1.6271006142376538
5.588,1.6261653632653212
5.592,1.6252301122929889
5.596,1.624294861320656
5.6,1.6233596103483237
5.604,1.622424359375991
5.608,1.6214891084036585
5.612,1.6205538574313259
5.616,1.6196186064589935
5.62,1.6186833554866606
5.624,1.6177481045143283
5.628,1.6168128535419957
5.632,1.615877602569663
5.635999999999999,1.6149423515973307
5.64,1.6140071006249979
5.643999999999999,1.6130718496526655
5.648,1.6121365986803329
5.651999999999999,1.6112013477080003
5.656,1.6102660967356677
5.659999999999999,1.6093308457633353
5.664,1.6083955947910025
5.667999999999999,1.60746034381867
5.672,1.6065250928463375
5.675999999999999,1.6055898418740049
5.68,1.6046545909016723
5.683999999999999,1.60371933992934
5.688,1.602784088957007
5.691999999999999,1.6018488379846747
5.696,1.600913587012342
5.699999999999999,1.5999783360400095
5.704,1.599043085067677
5.707999999999999,1.5981078340953445
5.712,1.5971725831230117
5.715999999999999,1.5962373321506793
5.72,1.5953020811783467
5.723999999999999,1.594366830206014
5.728,1.5934315792336815
5.731999999999999,1.5924963282613491
5.736,1.5915610772890163
5.739999999999999,1.590625826316684
5.744,1.5896905753443513
5.747999999999999,1.5887553243720187
5.752,1.5878200733996861
5.755999999999999,1.5868848224273537
5.76,1.585949571455021
5.763999999999999,1.5850143204826885
5.768,1.584079069510356
5.771999999999999,1.5831438185380233
5.776,1.5822085675656907
5.779999999999999,1.5812733165933581
5.784,1.5803380656210255
5.787999999999999,1.5794028146486931
5.792,1.5784675636763603
5.795999999999999,1.577532312704028
5.8,1.5765970617316953
5.803999999999999,1.5756618107593627
5.808,1.5747265597870301
5.811999999999999,1.5737913088146978
5.816,1.572856057842365
5.819999999999999,1.5719208068700325
5.824,1.5709855558977
5.827999999999999,1.5700503049253673
5.832,1.5691150539530347
5.835999999999999,1.5681798029807024
5.84,1.5672445520083695
5.843999999999999,1.5663093010360372
5.848,1.5653740500637046
5.851999999999999,1.564438799091372
5.856,1.5635035481190394
5.859999999999999,1.562568297146707
5.864,1.5616330461743742
5.867999999999999,1.5606977952020418
5.872,1.5597625442297092
5.8759999999999994,1.5588272932573766
5.88,1.557892042285044
5.8839999999999995,1.5569567913127116
5.888,1.5560215403403788
5.8919999999999995,1.5550862893680464
5.896,1.5541510383957138
5.8999999999999995,1.5532157874233812
5.904,1.5522805364510486
5.9079999999999995,1.5513452854787162
5.912,1.5504100345063834
5.9159999999999995,1.549474783534051
5.92,1.5485395325617184
5.9239999999999995,1.5476042815893858
5.928,1.5466690306170532
5.9319999999999995,1.5457337796447208
5.936,1.544798528672388
5.9399999999999995,1.5438632777000556
5.944,1.542928026727723
5.9479999999999995,1.5419927757553904
5.952,1.5410575247830578
5.9559999999999995,1.5401222738107252
5.96,1.5391870228383926
5.9639999999999995,1.5382517718660602
5.968,1.5373165208937274
5.9719999999999995,1.536381269921395
5.976,1.5354460189490624
5.9799999999999995,1.5345107679767298
5.984,1.5335755170043972
5.9879999999999995,1.5326402660320648
5.992,1.531705015059732
5.9959999999999996,1.5307697640873996
6.0,1.529834513115067
6.004,1.5288992621427344
6.008,1.5279640111704018
6.012,1.5270287601980694
6.016,1.5260935092257366
6.02,1.5251582582534042
6.024,1.5242230072810716
6.028,1.523287756308739
6.032,1.5223525053364064
6.036,1.521417254364074
6.04,1.5204820033917412
6.044,1.5195467524194088
6.048,1.5186115014470762
6.052,1.5176762504747436
6.056,1.516740999502411
6.06,1.5158057485300787
6.064,1.5148704975577458
6.068,1.5139352465854135
6.072,1.5129999956130809
6.076,1.5120647446407482
6.08,1.5111294936684156
6.084,1.5101942426960833
6.088,1.5092589917237504
6.092,1.508323740751418
6.096,1.5073884897790855
6.1,1.5064532388067529
6.104,1.5055179878344203
6.108,1.5045827368620879
6.112,1.503647485889755
6.116,1.5027122349174227
6.12,1.50177698394509
6.124,1.5008417329727575
6.128,1.4999064820004249
6.132,1.4989712310280923
6.136,1.4980359800557597
6.14,1.4971007290834273
6.144,1.4961654781110945
6.148,1.495230227138762
6.151999999999999,1.4942949761664297
6.156,1.4933597251940969
6.159999999999999,1.4924244742217645
6.164,1.491489223249432
6.167999999999999,1.4905539722770993
6.172,1.4896187213047667
6.175999999999999,1.4886834703324343
6.18,1.4877482193601015
6.183999999999999,1.486812968387769
6.188,1.4858777174154365
6.191999999999999,1.484942466443104
6.196,1.4840072154707713
6.199999999999999,1.483071964498439
6.204,1.482136713526106
6.207999999999999,1.4812014625537737
6.212,1.4802662115814411
6.215999999999999,1.4793309606091085
6.22,1.478395709636776
6.223999999999999,1.4774604586644435
6.228,1.4765252076921107
6.231999999999999,1.4755899567197783
6.236,1.4746547057474457
6.239999999999999,1.4737194547751131
6.244,1.4727842038027805
6.247999999999999,1.4718489528304481
6.252,1.4709137018581153
6.255999999999999,1.469978450885783
6.26,1.4690431999134503
6.263999999999999,1.4681079489411177
6.268,1.4671726979687851
6.271999999999999,1.4662374469964525
6.276,1.46530219602412
6.279999999999999,1.4643669450517875
6.284,1.4634316940794547
6.287999999999999,1.4624964431071223
6.292,1.4615611921347897
6.295999999999999,1.4606259411624571
6.3,1.4596906901901245
6.303999999999999,1.4587554392177922
6.308,1.4578201882454593
6.311999999999999,1.456884937273127
6.316,1.4559496863007944
6.319999999999999,1.4550144353284618
6.324,1.4540791843561292
6.327999999999999,1.4531439333837968
6.332,1.452208682411464
6.335999999999999,1.4512734314391316
6.34,1.450338180466799
6.343999999999999,1.4494029294944664
6.348,1.4484676785221338
6.351999999999999,1.4475324275498014
6.356,1.4465971765774686
6.359999999999999,1.4456619256051362
6.364,1.4447266746328036
6.367999999999999,1.443791423660471
6.372,1.4428561726881384
6.3759999999999994,1.441920921715806
6.38,1.4409856707434732
6.3839999999999995,1.4400504197711408
6.388,1.4391151687988082
6.3919999999999995,1.4381799178264756
6.396,1.437244666854143
6.3999999999999995,1.4363094158818106
6.404,1.4353741649094778
6.4079999999999995,1.4344389139371454
6.412,1.4335036629648128
6.4159999999999995,1.4325684119924802
6.42,1.4316331610201476
6.4239999999999995,1.4306979100478152
6.428,1.4297626590754824
6.4319999999999995,1.42882740810315
6.436,1.4278921571308174
6.4399999999999995,1.4269569061584848
6.444,1.4260216551861522
6.4479999999999995,1.4250864042138196
6.452,1.424151153241487
6.4559999999999995,1.4232159022691546
6.46,1.4222806512968218
6.4639999999999995,1.4213454003244894
6.468,1.4204101493521568
6.4719999999999995,1.4194748983798242
6.476,1.4185396474074916
6.4799999999999995,1.4176043964351592
6.484,1.4166691454628264
6.4879999999999995,1.415733894490494
6.492,1.4147986435181614
6.4959999999999996,1.4138633925458288
6.5,1.4129281415734962
6.504,1.4119928906011638
6.508,1.411057639628831
6.512,1.4101223886564986
6.516,1.409187137684166
6.52,1.4082518867118334
6.524,1.4073166357395008
6.528,1.4063813847671685
6.532,1.4054461337948356
6.536,1.4045108828225032
6.54,1.4035756318501706
6.544,1.402640380877838
6.548,1.4017051299055054
6.552,1.400769878933173
6.556,1.3998346279608402
6.56,1.3988993769885079
6.564,1.3979641260161753
6.568,1.3970288750438427
6.572,1.39609362407151
6.576,1.3951583730991777
6.58,1.3942231221268448
6.584,1.3932878711545125
6.588,1.3923526201821799
6.592,1.3914173692098473
6.596,1.3904821182375147
6.6,1.389546867265182
6.604,1.3886116162928495
6.608,1.387676365320517
6.612,1.3867411143481845
6.616,1.3858058633758519
6.62,1.3848706124035193
6.624,1.3839353614311867
6.628,1.383000110458854
6.632,1.3820648594865217
6.636,1.3811296085141889
6.64,1.3801943575418565
6.644,1.3792591065695239
6.648,1.3783238555971913
6.652,1.3773886046248587
6.656,1.3764533536525263
6.66,1.3755181026801935
6.664,1.374582851707861
6.667999999999999,1.3736476007355287
6.672,1.372712349763196
6.675999999999999,1.3717770987908635
6.68,1.370841847818531
6.683999999999999,1.3699065968461983
6.688,1.3689713458738657
6.691999999999999,1.3680360949015333
6.696,1.3671008439292005
6.699999999999999,1.3661655929568681
6.704,1.3652303419845355
6.707999999999999,1.364295091012203
6.712,1.3633598400398703
6.715999999999999,1.362424589067538
6.72,1.3614893380952051
6.723999999999999,1.3605540871228727
6.728,1.3596188361505401
6.731999999999999,1.3586835851782075
6.736,1.357748334205875
6.739999999999999,1.3568130832335425
6.744,1.3558778322612097
6.747999999999999,1.3549425812888773
6.752,1.3540073303165447
6.755999999999999,1.3530720793442121
6.76,1.3521368283718795
6.763999999999999,1.351201577399547
6.768,1.3502663264272143
6.771999999999999,1.349331075454882
6.776,1.3483958244825491
6.779999999999999,1.3474605735102168
6.784,1.3465253225378842
6.787999999999999,1.3455900715655515
6.792,1.344654820593219
6.795999999999999,1.3437195696208866
6.8,1.3427843186485537
6.803999999999999,1.3418490676762214
6.808,1.3409138167038888
6.811999999999999,1.3399785657315562
6.816,1.3390433147592236
6.819999999999999,1.3381080637868912
6.824,1.3371728128145584
6.827999999999999,1.336237561842226
6.832,1.3353023108698934
6.835999999999999,1.3343670598975608
6.84,1.3334318089252282
6.843999999999999,1.3324965579528958
6.848,1.331561306980563
6.851999999999999,1.3306260560082306
6.856,1.329690805035898
6.859999999999999,1.3287555540635654
6.864,1.3278203030912328
6.867999999999999,1.3268850521189004
6.872,1.3259498011465676
6.8759999999999994,1.3250145501742352
6.88,1.3240792992019026
6.8839999999999995,1.32314404822957
6.888,1.3222087972572374
6.8919999999999995,1.321273546284905
6.896,1.3203382953125722
6.8999999999999995,1.3194030443402398
6.904,1.3184677933679072
6.9079999999999995,1.3175325423955746
6.912,1.316597291423242
6.9159999999999995,1.3156620404509096
6.92,1.3147267894785768
6.9239999999999995,1.3137915385062444
6.928,1.3128562875339118
6.9319999999999995,1.3119210365615792
6.936,1.3109857855892466
6.9399999999999995,1.310050534616914
6.944,1.3091152836445814
6.9479999999999995,1.308180032672249
6.952,1.3072447816999162
6.9559999999999995,1.3063095307275838
6.96,1.3053742797552512
6.9639999999999995,1.3044390287829186
6.968,1.303503777810586
6.9719999999999995,1.3025685268382536
6.976,1.3016332758659208
6.9799999999999995,1.3006980248935884
6.984,1.2997627739212558
6.9879999999999995,1.2988275229489232
6.992,1.2978922719765906
6.9959999999999996,1.2969570210042582
7.0,1.2960217700319254
7.004,1.295086519059593
7.008,1.2941512680872604
7.012,1.2932160171149278
7.016,1.2922807661425952
7.02,1.2913455151702629
7.024,1.29041026419793
7.028,1.2894750132255977
7.032,1.288539762253265
7.036,1.2876045112809325
7.04,1.2866692603085998
7.044,1.2857340093362675
7.048,1.2847987583639346
7.052,1.2838635073916023
7.056,1.2829282564192697
7.06,1.281993005446937
7.064,1.2810577544746045
7.068,1.280122503502272
7.072,1.2791872525299393
7.076,1.2782520015576069
7.08,1.2773167505852743
7.084,1.2763814996129417
7.088,1.275446248640609
7.092,1.2745109976682765
7.096,1.2735757466959439
7.1,1.2726404957236115
7.104,1.2717052447512789
7.108,1.2707699937789463
7.112,1.2698347428066137
7.116,1.268899491834281
7.12,1.2679642408619485
7.124,1.267028989889616
7.128,1.2660937389172833
7.132,1.265158487944951
7.136,1.2642232369726183
7.14,1.2632879860002857
7.144,1.262352735027953
7.148,1.2614174840556207
7.152,1.2604822330832879
7.156,1.2595469821109555
7.16,1.258611731138623
7.164,1.2576764801662903
7.168,1.2567412291939577
7.172,1.2558059782216253
7.175999999999999,1.2548707272492927
7.18,1.2539354762769601
7.183999999999999,1.2530002253046277
7.188,1.252064974332295
7.191999999999999,1.2511297233599625
7.196,1.25019447238763
7.199999999999999,1.2492592214152973
7.204,1.2483239704429647
7.207999999999999,1.2473887194706323
7.212,1.2464534684982995
7.215999999999999,1.2455182175259671
7.22,1.2445829665536345
7.223999999999999,1.243647715581302
7.228,1.2427124646089693
7.231999999999999,1.241777213636637
7.236,1.2408419626643041
7.239999999999999,1.2399067116919718
7.244,1.2389714607196392
7.247999999999999,1.2380362097473065
7.252,1.237100958774974
7.255999999999999,1.2361657078026413
7.26,1.2352304568303087
7.263999999999999,1.2342952058579764
7.268,1.2333599548856435
7.271999999999999,1.2324247039133112
7.276,1.2314894529409786
7.279999999999999,1.230554201968646
7.284,1.2296189509963134
7.287999999999999,1.228683700023981
7.292,1.2277484490516481
7.295999999999999,1.2268131980793158
7.3,1.2258779471069832
7.303999999999999,1.2249426961346506
7.308,1.224007445162318
7.311999999999999,1.2230721941899856
7.316,1.2221369432176528
7.319999999999999,1.2212016922453204
7.324,1.2202664412729878
7.327999999999999,1.2193311903006552
7.332,1.2183959393283226
7.335999999999999,1.2174606883559902
7.34,1.2165254373836574
7.343999999999999,1.215590186411325
7.348,1.2146549354389924
7.351999999999999,1.2137196844666598
7.356,1.2127844334943272
7.359999999999999,1.2118491825219948
7.364,1.210913931549662
7.367999999999999,1.2099786805773296
7.372,1.209043429604997
7.3759999999999994,1.2081081786326644
7.38,1.2071729276603318
7.3839999999999995,1.2062376766879994
7.388,1.2053024257156666
7.3919999999999995,1.2043671747433342
7.396,1.2034319237710016
7.3999999999999995,1.202496672798669
7.404,1.2015614218263364
7.4079999999999995,1.200626170854004
7.412,1.1996909198816712
7.4159999999999995,1.1987556689093388
7.42,1.1978204179370062
7.4239999999999995,1.1968851669646736
7.428,1.195949915992341
7.4319999999999995,1.1950146650200084
7.436,1.1940794140476758
7.4399999999999995,1.1931441630753434
7.444,1.1922089121030106
7.4479999999999995,1.1912736611306782
7.452,1.1903384101583456
7.4559999999999995,1.189403159186013
7.46,1.1884679082136804
7.4639999999999995,1.187532657241348
7.468,1.1865974062690152
7.4719999999999995,1.1856621552966828
7.476,1.1847269043243502
7.4799999999999995,1.1837916533520176
7.484,1.182856402379685
7.4879999999999995,1.1819211514073527
7.492,1.1809859004350198
7.4959999999999996,1.1800506494626875
7.5,1.1791153984903548
7.504,1.1781801475180222
7.508,1.1772448965456896
7.512,1.1763096455733573
7.516,1.1753743946010244
7.52,1.174439143628692
7.524,1.1735038926563595
7.528,1.1725686416840269
7.532,1.1716333907116943
7.536,1.1706981397393619
7.54,1.169762888767029
7.544,1.1688276377946967
7.548,1.167892386822364
7.552,1.1669571358500315
7.556,1.1660218848776989
7.56,1.1650866339053665
7.564,1.1641513829330337
7.568,1.1632161319607013
7.572,1.1622808809883687
7.576,1.161345630016036
7.58,1.1604103790437035
7.584,1.1594751280713709
7.588,1.1585398770990383
7.592,1.157604626126706
7.596,1.156669375154373
7.6,1.1557341241820407
7.604,1.154798873209708
7.608,1.1538636222373755
7.612,1.1529283712650429
7.616,1.1519931202927105
7.62,1.1510578693203777
7.624,1.1501226183480453
7.628,1.1491873673757127
7.632,1.14825211640338
7.636,1.1473168654310475
7.64,1.1463816144587151
7.644,1.1454463634863823
7.648,1.14451111251405
7.652,1.1435758615417173
7.656,1.1426406105693847
7.66,1.141705359597052
7.664,1.1407701086247197
7.668,1.139834857652387
7.672,1.1388996066800545
7.676,1.137964355707722
7.68,1.1370291047353893
7.683999999999999,1.136093853763057
7.688,1.1351586027907243
7.691999999999999,1.1342233518183917
7.696,1.1332881008460591
7.699999999999999,1.1323528498737268
7.704,1.131417598901394
7.707999999999999,1.1304823479290615
7.712,1.129547096956729
7.715999999999999,1.1286118459843963
7.72,1.1276765950120637
7.723999999999999,1.1267413440397314
7.728,1.1258060930673985
7.731999999999999,1.1248708420950662
7.736,1.1239355911227336
7.739999999999999,1.123000340150401
7.744,1.1220650891780684
7.747999999999999,1.1211298382057358
7.752,1.1201945872334031
7.755999999999999,1.1192593362610708
7.76,1.118324085288738
7.763999999999999,1.1173888343164056
7.768,1.116453583344073
7.771999999999999,1.1155183323717404
7.776,1.1145830813994078
7.779999999999999,1.1136478304270754
7.784,1.1127125794547426
7.787999999999999,1.1117773284824102
7.792,1.1108420775100776
7.795999999999999,1.109906826537745
7.8,1.1089715755654124
7.803999999999999,1.10803632459308
7.808,1.1071010736207472
7.811999999999999,1.1061658226484148
7.816,1.1052305716760822
7.819999999999999,1.1042953207037496
7.824,1.103360069731417
7.827999999999999,1.1024248187590846
7.832,1.1014895677867518
7.835999999999999,1.1005543168144194
7.84,1.0996190658420868
7.843999999999999,1.0986838148697542
7.848,1.0977485638974216
7.851999999999999,1.0968133129250892
7.856,1.0958780619527564
7.859999999999999,1.094942810980424
7.864,1.0940075600080914
7.867999999999999,1.0930723090357588
7.872,1.0921370580634262
7.8759999999999994,1.0912018070910938
7.88,1.090266556118761
7.8839999999999995,1.0893313051464286
7.888,1.088396054174096
7.8919999999999995,1.0874608032017634
7.896,1.0865255522294308
7.8999999999999995,1.0855903012570982
7.904,1.0846550502847656
7.9079999999999995,1.0837197993124332
7.912,1.0827845483401006
7.9159999999999995,1.081849297367768
7.92,1.0809140463954354
7.9239999999999995,1.0799787954231028
7.928,1.0790435444507702
7.9319999999999995,1.0781082934784378
