Height,height_Predicted
0.004,2.9508587916646327
0.008,2.9499162365638996
0.012,2.9489736814631664
0.016,2.9480311263624333
0.02,2.9470885712617005
0.024,2.9461460161609674
0.028,2.9452034610602342
0.032,2.944260905959501
0.036000000000000004,2.943318350858768
0.04000000000000001,2.9423757957580348
0.044,2.9414332406573016
0.048,2.9404906855565685
0.052000000000000005,2.9395481304558353
0.05600000000000001,2.9386055753551026
0.06,2.9376630202543694
0.064,2.9367204651536363
0.068,2.935777910052903
0.07200000000000001,2.93483535495217
0.07600000000000001,2.933892799851437
0.08,2.9329502447507036
0.084,2.9320076896499705
0.08800000000000001,2.9310651345492373
0.092,2.9301225794485046
0.096,2.9291800243477715
0.1,2.9282374692470383
0.10400000000000001,2.927294914146305
0.10800000000000001,2.926352359045572
0.112,2.925409803944839
0.116,2.9244672488441057
0.12000000000000001,2.9235246937433725
0.124,2.9225821386426394
0.128,2.9216395835419067
0.132,2.9206970284411735
0.136,2.9197544733404404
0.14,2.918811918239707
0.14400000000000002,2.917869363138974
0.14800000000000002,2.916926808038241
0.152,2.9159842529375077
0.156,2.9150416978367746
0.16,2.9140991427360414
0.164,2.9131565876353083
0.168,2.9122140325345756
0.17200000000000001,2.9112714774338424
0.17600000000000002,2.9103289223331092
0.18,2.909386367232376
0.184,2.908443812131643
0.188,2.90750125703091
0.192,2.9065587019301766
0.196,2.9056161468294435
0.2,2.9046735917287103
0.20400000000000001,2.9037310366279776
0.20800000000000002,2.9027884815272444
0.21200000000000002,2.9018459264265113
0.216,2.900903371325778
0.22,2.899960816225045
0.224,2.899018261124312
0.228,2.8980757060235787
0.232,2.8971331509228455
0.23600000000000002,2.8961905958221124
0.24000000000000002,2.8952480407213796
0.244,2.8943054856206465
0.248,2.8933629305199133
0.252,2.89242037541918
0.256,2.891477820318447
0.26,2.890535265217714
0.264,2.8895927101169807
0.268,2.8886501550162476
0.272,2.8877075999155144
0.276,2.8867650448147817
0.28,2.8858224897140485
0.28400000000000003,2.8848799346133154
0.28800000000000003,2.883937379512582
0.29200000000000004,2.882994824411849
0.296,2.882052269311116
0.3,2.8811097142103828
0.304,2.8801671591096496
0.308,2.8792246040089164
0.312,2.8782820489081837
0.316,2.8773394938074506
0.32,2.8763969387067174
0.324,2.8754543836059843
0.328,2.874511828505251
0.332,2.873569273404518
0.336,2.872626718303785
0.34,2.8716841632030516
0.34400000000000003,2.8707416081023185
0.34800000000000003,2.8697990530015858
0.35200000000000004,2.8688564979008526
0.356,2.8679139428001195
0.36,2.8669713876993863
0.364,2.866028832598653
0.368,2.86508627749792
0.372,2.864143722397187
0.376,2.8632011672964537
0.38,2.8622586121957205
0.384,2.861316057094988
0.388,2.8603735019942547
0.392,2.8594309468935215
0.396,2.8584883917927884
0.4,2.857545836692055
0.404,2.856603281591322
0.40800000000000003,2.855660726490589
0.41200000000000003,2.8547181713898557
0.41600000000000004,2.8537756162891226
0.42000000000000004,2.85283306118839
0.424,2.8518905060876567
0.428,2.8509479509869236
0.432,2.8500053958861904
0.436,2.8490628407854572
0.44,2.848120285684724
0.444,2.847177730583991
0.448,2.8462351754832578
0.452,2.8452926203825246
0.456,2.844350065281792
0.46,2.8434075101810588
0.464,2.8424649550803256
0.468,2.8415223999795924
0.47200000000000003,2.8405798448788593
0.47600000000000003,2.839637289778126
0.48000000000000004,2.838694734677393
0.484,2.83775217957666
0.488,2.8368096244759267
0.492,2.835867069375194
0.496,2.834924514274461
0.5,2.8339819591737276
0.504,2.8330394040729945
0.508,2.8320968489722613
0.512,2.831154293871528
0.516,2.830211738770795
0.52,2.829269183670062
0.524,2.8283266285693287
0.528,2.827384073468596
0.532,2.826441518367863
0.536,2.8254989632671297
0.54,2.8245564081663965
0.544,2.8236138530656634
0.548,2.82267129796493
0.552,2.821728742864197
0.556,2.820786187763464
0.56,2.8198436326627307
0.5640000000000001,2.818901077561998
0.5680000000000001,2.817958522461265
0.5720000000000001,2.8170159673605317
0.5760000000000001,2.8160734122597986
0.5800000000000001,2.8151308571590654
0.584,2.8141883020583323
0.588,2.813245746957599
0.592,2.812303191856866
0.596,2.811360636756133
0.6,2.8104180816554
0.604,2.809475526554667
0.608,2.8085329714539338
0.612,2.8075904163532006
0.616,2.8066478612524675
0.62,2.8057053061517343
0.624,2.804762751051001
0.628,2.803820195950268
0.632,2.802877640849535
0.636,2.801935085748802
0.64,2.800992530648069
0.644,2.800049975547336
0.648,2.7991074204466027
0.652,2.7981648653458695
0.656,2.7972223102451363
0.66,2.796279755144403
0.664,2.79533720004367
0.668,2.794394644942937
0.672,2.7934520898422037
0.676,2.792509534741471
0.68,2.791566979640738
0.684,2.7906244245400047
0.6880000000000001,2.7896818694392715
0.6920000000000001,2.7887393143385384
0.6960000000000001,2.7877967592378052
0.7000000000000001,2.786854204137072
0.7040000000000001,2.785911649036339
0.708,2.784969093935606
0.712,2.784026538834873
0.716,2.78308398373414
0.72,2.7821414286334067
0.724,2.7811988735326736
0.728,2.7802563184319404
0.732,2.7793137633312073
0.736,2.778371208230474
0.74,2.777428653129741
0.744,2.776486098029008
0.748,2.775543542928275
0.752,2.774600987827542
0.756,2.773658432726809
0.76,2.7727158776260756
0.764,2.7717733225253425
0.768,2.7708307674246093
0.772,2.769888212323876
0.776,2.768945657223143
0.78,2.76800310212241
0.784,2.767060547021677
0.788,2.766117991920944
0.792,2.765175436820211
0.796,2.7642328817194777
0.8,2.7632903266187445
0.804,2.7623477715180114
0.808,2.761405216417278
0.812,2.760462661316545
0.8160000000000001,2.759520106215812
0.8200000000000001,2.7585775511150787
0.8240000000000001,2.757634996014346
0.8280000000000001,2.756692440913613
0.8320000000000001,2.7557498858128797
0.8360000000000001,2.7548073307121466
0.84,2.7538647756114134
0.844,2.7529222205106803
0.848,2.751979665409947
0.852,2.751037110309214
0.856,2.7500945552084812
0.86,2.749152000107748
0.864,2.748209445007015
0.868,2.7472668899062818
0.872,2.7463243348055486
0.876,2.7453817797048155
0.88,2.7444392246040823
0.884,2.743496669503349
0.888,2.742554114402616
0.892,2.741611559301883
0.896,2.74066900420115
0.9,2.739726449100417
0.904,2.738783893999684
0.908,2.7378413388989506
0.912,2.7368987837982175
0.916,2.7359562286974843
0.92,2.735013673596751
0.924,2.734071118496018
0.928,2.733128563395285
0.932,2.732186008294552
0.936,2.731243453193819
0.9400000000000001,2.730300898093086
0.9440000000000001,2.7293583429923527
0.9480000000000001,2.7284157878916195
0.9520000000000001,2.7274732327908864
0.9560000000000001,2.7265306776901532
0.9600000000000001,2.72558812258942
0.964,2.724645567488687
0.968,2.723703012387954
0.972,2.722760457287221
0.976,2.721817902186488
0.98,2.7208753470857547
0.984,2.7199327919850216
0.988,2.7189902368842884
0.992,2.7180476817835553
0.996,2.717105126682822
1.0,2.716162571582089
1.004,2.7152200164813562
1.008,2.714277461380623
1.012,2.71333490627989
1.016,2.712392351179157
1.02,2.7114497960784236
1.024,2.7105072409776905
1.028,2.7095646858769573
1.032,2.708622130776224
1.036,2.707679575675491
1.04,2.7067370205747583
1.044,2.705794465474025
1.048,2.704851910373292
1.052,2.703909355272559
1.056,2.7029668001718257
1.06,2.7020242450710925
1.064,2.7010816899703594
1.068,2.700139134869626
1.072,2.699196579768893
1.076,2.6982540246681603
1.08,2.697311469567427
1.084,2.696368914466694
1.088,2.695426359365961
1.092,2.6944838042652277
1.096,2.6935412491644946
1.1,2.6925986940637614
1.104,2.6916561389630282
1.108,2.690713583862295
1.112,2.6897710287615624
1.116,2.688828473660829
1.12,2.687885918560096
1.124,2.686943363459363
1.1280000000000001,2.6860008083586298
1.1320000000000001,2.6850582532578966
1.1360000000000001,2.6841156981571634
1.1400000000000001,2.6831731430564303
1.1440000000000001,2.682230587955697
1.1480000000000001,2.6812880328549644
1.1520000000000001,2.6803454777542313
1.1560000000000001,2.679402922653498
1.16,2.678460367552765
1.164,2.677517812452032
1.168,2.6765752573512986
1.172,2.6756327022505655
1.176,2.6746901471498323
1.18,2.673747592049099
1.184,2.6728050369483665
1.188,2.6718624818476333
1.192,2.6709199267469
1.196,2.669977371646167
1.2,2.669034816545434
1.204,2.6680922614447007
1.208,2.6671497063439675
1.212,2.6662071512432344
1.216,2.665264596142501
1.22,2.6643220410417685
1.224,2.6633794859410354
1.228,2.662436930840302
1.232,2.661494375739569
1.236,2.660551820638836
1.24,2.6596092655381027
1.244,2.6586667104373696
1.248,2.6577241553366364
1.252,2.6567816002359033
1.256,2.6558390451351706
1.26,2.6548964900344374
1.264,2.6539539349337042
1.268,2.653011379832971
1.272,2.652068824732238
1.276,2.6511262696315048
1.28,2.6501837145307716
1.284,2.6492411594300385
1.288,2.6482986043293053
1.292,2.6473560492285726
1.296,2.6464134941278394
1.3,2.6454709390271063
1.304,2.644528383926373
1.308,2.64358582882564
1.312,2.642643273724907
1.316,2.6417007186241737
1.32,2.6407581635234405
1.324,2.6398156084227073
1.328,2.6388730533219746
1.332,2.6379304982212415
1.336,2.6369879431205083
1.34,2.636045388019775
1.344,2.635102832919042
1.348,2.634160277818309
1.352,2.6332177227175757
1.356,2.6322751676168425
1.36,2.6313326125161094
1.364,2.6303900574153767
1.368,2.6294475023146435
1.372,2.6285049472139104
1.3760000000000001,2.627562392113177
1.3800000000000001,2.626619837012444
1.3840000000000001,2.625677281911711
1.3880000000000001,2.6247347268109777
1.3920000000000001,2.6237921717102446
1.3960000000000001,2.6228496166095114
1.4000000000000001,2.6219070615087783
1.4040000000000001,2.620964506408045
1.4080000000000001,2.6200219513073124
1.412,2.6190793962065793
1.416,2.618136841105846
1.42,2.617194286005113
1.424,2.61625173090438
1.428,2.6153091758036466
1.432,2.6143666207029135
1.436,2.6134240656021808
1.44,2.6124815105014476
1.444,2.6115389554007145
1.448,2.6105964002999813
1.452,2.609653845199248
1.456,2.608711290098515
1.46,2.607768734997782
1.464,2.6068261798970487
1.468,2.6058836247963155
1.472,2.604941069695583
1.476,2.6039985145948497
1.48,2.6030559594941165
1.484,2.6021134043933833
1.488,2.60117084929265
1.492,2.600228294191917
1.496,2.599285739091184
1.5,2.5983431839904507
1.504,2.5974006288897176
1.508,2.596458073788985
1.512,2.5955155186882517
1.516,2.5945729635875185
1.52,2.5936304084867854
1.524,2.5926878533860522
1.528,2.591745298285319
1.532,2.590802743184586
1.536,2.5898601880838528
1.54,2.5889176329831196
1.544,2.587975077882387
1.548,2.5870325227816533
1.552,2.5860899676809206
1.556,2.5851474125801874
1.56,2.5842048574794543
1.564,2.583262302378721
1.568,2.582319747277988
1.572,2.581377192177255
1.576,2.5804346370765217
1.58,2.5794920819757885
1.584,2.5785495268750553
1.588,2.5776069717743226
1.592,2.5766644166735895
1.596,2.5757218615728563
1.6,2.574779306472123
1.604,2.57383675137139
1.608,2.572894196270657
1.612,2.5719516411699237
1.616,2.5710090860691905
1.62,2.5700665309684574
1.624,2.5691239758677247
1.6280000000000001,2.5681814207669915
1.6320000000000001,2.5672388656662584
1.6360000000000001,2.566296310565525
1.6400000000000001,2.565353755464792
1.6440000000000001,2.564411200364059
1.6480000000000001,2.5634686452633257
1.6520000000000001,2.5625260901625926
1.6560000000000001,2.5615835350618594
1.6600000000000001,2.5606409799611267
1.6640000000000001,2.5596984248603936
1.6680000000000001,2.5587558697596604
1.672,2.5578133146589273
1.676,2.556870759558194
1.68,2.555928204457461
1.684,2.554985649356728
1.688,2.554043094255995
1.692,2.5531005391552615
1.696,2.5521579840545288
1.7,2.5512154289537956
1.704,2.5502728738530624
1.708,2.5493303187523293
1.712,2.548387763651596
1.716,2.547445208550863
1.72,2.54650265345013
1.724,2.5455600983493967
1.728,2.5446175432486635
1.732,2.543674988147931
1.736,2.5427324330471976
1.74,2.5417898779464645
1.744,2.5408473228457313
1.748,2.539904767744998
1.752,2.538962212644265
1.756,2.538019657543532
1.76,2.5370771024427987
1.764,2.5361345473420656
1.768,2.535191992241333
1.772,2.5342494371405997
1.776,2.5333068820398665
1.78,2.5323643269391334
1.784,2.5314217718384002
1.788,2.530479216737667
1.792,2.529536661636934
1.796,2.5285941065362008
1.8,2.5276515514354676
1.804,2.526708996334735
1.808,2.5257664412340017
1.812,2.5248238861332686
1.816,2.5238813310325354
1.82,2.5229387759318023
1.824,2.521996220831069
1.828,2.521053665730336
1.832,2.520111110629603
1.836,2.5191685555288696
1.84,2.518226000428137
1.844,2.517283445327404
1.848,2.5163408902266706
1.852,2.5153983351259375
1.856,2.5144557800252043
1.86,2.513513224924471
1.864,2.512570669823738
1.868,2.511628114723005
1.872,2.5106855596222717
1.8760000000000001,2.509743004521539
1.8800000000000001,2.508800449420806
1.8840000000000001,2.5078578943200727
1.8880000000000001,2.5069153392193395
1.8920000000000001,2.5059727841186064
1.8960000000000001,2.505030229017873
1.9000000000000001,2.50408767391714
1.9040000000000001,2.503145118816407
1.9080000000000001,2.5022025637156737
1.9120000000000001,2.501260008614941
1.9160000000000001,2.500317453514208
1.9200000000000002,2.4993748984134747
1.924,2.4984323433127416
1.928,2.4974897882120084
1.932,2.4965472331112752
1.936,2.495604678010542
1.94,2.494662122909809
1.944,2.4937195678090758
1.948,2.492777012708343
1.952,2.49183445760761
1.956,2.4908919025068768
1.96,2.4899493474061436
1.964,2.4890067923054104
1.968,2.4880642372046773
1.972,2.487121682103944
1.976,2.486179127003211
1.98,2.485236571902478
1.984,2.484294016801745
1.988,2.483351461701012
1.992,2.482408906600279
1.996,2.4814663514995456
2.0,2.4805237963988125
2.004,2.4795812412980793
2.008,2.478638686197346
2.012,2.477696131096613
2.016,2.47675357599588
2.02,2.475811020895147
2.024,2.474868465794414
2.028,2.473925910693681
2.032,2.4729833555929477
2.036,2.4720408004922145
2.04,2.4710982453914814
2.044,2.470155690290748
2.048,2.469213135190015
2.052,2.468270580089282
2.056,2.467328024988549
2.06,2.466385469887816
2.064,2.465442914787083
2.068,2.4645003596863497
2.072,2.4635578045856166
2.076,2.4626152494848834
2.08,2.4616726943841503
2.084,2.460730139283417
2.088,2.459787584182684
2.092,2.4588450290819512
2.096,2.457902473981218
2.1,2.456959918880485
2.104,2.4560173637797518
2.108,2.4550748086790186
2.112,2.4541322535782855
2.116,2.4531896984775523
2.12,2.452247143376819
2.124,2.451304588276086
2.128,2.4503620331753533
2.132,2.4494194780746197
2.136,2.448476922973887
2.14,2.447534367873154
2.144,2.4465918127724207
2.148,2.4456492576716875
2.152,2.4447067025709543
2.156,2.443764147470221
2.16,2.442821592369488
2.164,2.4418790372687553
2.168,2.4409364821680217
2.172,2.439993927067289
2.176,2.439051371966556
2.18,2.4381088168658227
2.184,2.4371662617650895
2.188,2.4362237066643564
2.192,2.4352811515636232
2.196,2.43433859646289
2.2,2.4333960413621574
2.204,2.4324534862614238
2.208,2.431510931160691
2.212,2.430568376059958
2.216,2.4296258209592247
2.22,2.4286832658584916
2.224,2.4277407107577584
2.228,2.4267981556570253
2.232,2.425855600556292
2.236,2.4249130454555594
2.24,2.423970490354826
2.244,2.423027935254093
2.248,2.42208538015336
2.2520000000000002,2.421142825052627
2.2560000000000002,2.4202002699518936
2.2600000000000002,2.4192577148511605
2.2640000000000002,2.4183151597504273
2.2680000000000002,2.417372604649694
2.2720000000000002,2.416430049548961
2.2760000000000002,2.415487494448228
2.2800000000000002,2.414544939347495
2.2840000000000003,2.413602384246762
2.2880000000000003,2.412659829146029
2.2920000000000003,2.4117172740452957
2.2960000000000003,2.4107747189445625
2.3000000000000003,2.4098321638438294
2.3040000000000003,2.408889608743096
2.3080000000000003,2.407947053642363
2.312,2.4070044985416303
2.316,2.406061943440897
2.32,2.405119388340164
2.324,2.404176833239431
2.328,2.4032342781386977
2.332,2.4022917230379646
2.336,2.4013491679372314
2.34,2.4004066128364983
2.344,2.3994640577357655
2.348,2.3985215026350324
2.352,2.3975789475342992
2.356,2.396636392433566
2.36,2.395693837332833
2.364,2.3947512822320998
2.368,2.3938087271313666
2.372,2.3928661720306335
2.376,2.3919236169299003
2.38,2.3909810618291676
2.384,2.390038506728434
2.388,2.3890959516277013
2.392,2.388153396526968
2.396,2.387210841426235
2.4,2.386268286325502
2.404,2.3853257312247687
2.408,2.3843831761240355
2.412,2.3834406210233023
2.416,2.3824980659225696
2.42,2.381555510821836
2.424,2.3806129557211033
2.428,2.37967040062037
2.432,2.378727845519637
2.436,2.377785290418904
2.44,2.3768427353181707
2.444,2.3759001802174375
2.448,2.3749576251167044
2.452,2.3740150700159717
2.456,2.373072514915238
2.46,2.3721299598145054
2.464,2.371187404713772
2.468,2.370244849613039
2.472,2.369302294512306
2.476,2.3683597394115727
2.48,2.3674171843108396
2.484,2.3664746292101064
2.488,2.3655320741093737
2.492,2.36458951900864
2.496,2.3636469639079074
2.5,2.3627044088071743
2.504,2.361761853706441
2.508,2.360819298605708
2.512,2.359876743504975
2.516,2.3589341884042416
2.52,2.3579916333035085
2.524,2.3570490782027758
2.528,2.356106523102042
2.532,2.3551639680013094
2.536,2.3542214129005763
2.54,2.353278857799843
2.544,2.35233630269911
2.548,2.351393747598377
2.552,2.3504511924976437
2.556,2.3495086373969105
2.56,2.3485660822961774
2.564,2.347623527195444
2.568,2.3466809720947115
2.572,2.3457384169939783
2.576,2.344795861893245
2.58,2.343853306792512
2.584,2.342910751691779
2.588,2.3419681965910457
2.592,2.3410256414903126
2.596,2.3400830863895794
2.6,2.3391405312888462
2.604,2.3381979761881135
2.608,2.3372554210873804
2.612,2.3363128659866472
2.616,2.335370310885914
2.62,2.334427755785181
2.624,2.3334852006844478
2.628,2.3325426455837146
2.632,2.3316000904829814
2.636,2.3306575353822483
2.64,2.3297149802815156
2.644,2.3287724251807824
2.648,2.3278298700800493
2.652,2.326887314979316
2.656,2.325944759878583
2.66,2.32500220477785
2.664,2.3240596496771166
2.668,2.3231170945763835
2.672,2.3221745394756503
2.676,2.3212319843749176
2.68,2.320289429274184
2.684,2.3193468741734513
2.688,2.318404319072718
2.692,2.317461763971985
2.696,2.316519208871252
2.7,2.3155766537705187
2.704,2.3146340986697855
2.708,2.3136915435690524
2.712,2.3127489884683197
2.716,2.311806433367586
2.72,2.3108638782668534
2.724,2.30992132316612
2.728,2.308978768065387
2.732,2.308036212964654
2.736,2.3070936578639207
2.74,2.3061511027631876
2.744,2.3052085476624544
2.748,2.3042659925617217
2.7520000000000002,2.303323437460988
2.7560000000000002,2.3023808823602554
2.7600000000000002,2.3014383272595222
2.7640000000000002,2.300495772158789
2.7680000000000002,2.299553217058056
2.7720000000000002,2.2986106619573228
2.7760000000000002,2.2976681068565896
2.7800000000000002,2.2967255517558565
2.7840000000000003,2.2957829966551238
2.7880000000000003,2.29484044155439
2.7920000000000003,2.2938978864536574
2.7960000000000003,2.2929553313529243
2.8000000000000003,2.292012776252191
2.8040000000000003,2.291070221151458
2.8080000000000003,2.290127666050725
2.8120000000000003,2.2891851109499917
2.8160000000000003,2.2882425558492585
2.82,2.287300000748526
2.824,2.2863574456477926
2.828,2.2854148905470595
2.832,2.2844723354463263
2.836,2.283529780345593
2.84,2.28258722524486
2.844,2.281644670144127
2.848,2.280702115043394
2.852,2.2797595599426606
2.856,2.278817004841928
2.86,2.2778744497411947
2.864,2.2769318946404615
2.868,2.2759893395397284
2.872,2.275046784438995
2.876,2.274104229338262
2.88,2.273161674237529
2.884,2.2722191191367958
2.888,2.2712765640360626
2.892,2.27033400893533
2.896,2.2693914538345967
2.9,2.2684488987338636
2.904,2.2675063436331304
2.908,2.2665637885323973
2.912,2.265621233431664
2.916,2.264678678330931
2.92,2.263736123230198
2.924,2.2627935681294646
2.928,2.261851013028732
2.932,2.2609084579279988
2.936,2.2599659028272656
2.94,2.2590233477265325
2.944,2.2580807926257993
2.948,2.257138237525066
2.952,2.256195682424333
2.956,2.2552531273236
2.96,2.2543105722228667
2.964,2.253368017122134
2.968,2.252425462021401
2.972,2.2514829069206677
2.976,2.2505403518199345
2.98,2.2495977967192013
2.984,2.248655241618468
2.988,2.247712686517735
2.992,2.246770131417002
2.996,2.2458275763162687
3.0,2.244885021215536
3.004,2.2439424661148024
3.008,2.2429999110140697
3.012,2.2420573559133365
3.016,2.2411148008126034
3.02,2.2401722457118702
3.024,2.239229690611137
3.028,2.238287135510404
3.032,2.2373445804096708
3.036,2.236402025308938
3.04,2.2354594702082045
3.044,2.2345169151074717
3.048,2.2335743600067386
3.052,2.2326318049060054
3.056,2.2316892498052723
3.06,2.230746694704539
3.064,2.229804139603806
3.068,2.228861584503073
3.072,2.22791902940234
3.076,2.2269764743016065
3.08,2.226033919200874
3.084,2.2250913641001406
3.088,2.2241488089994075
3.092,2.2232062538986743
3.096,2.222263698797941
3.1,2.221321143697208
3.104,2.220378588596475
3.108,2.219436033495742
3.112,2.2184934783950085
3.116,2.217550923294276
3.12,2.2166083681935427
3.124,2.2156658130928095
3.128,2.2147232579920764
3.132,2.213780702891343
3.136,2.21283814779061
3.14,2.211895592689877
3.144,2.210953037589144
3.148,2.2100104824884106
3.152,2.209067927387678
3.156,2.2081253722869447
3.16,2.2071828171862116
3.164,2.2062402620854784
3.168,2.2052977069847453
3.172,2.204355151884012
3.176,2.203412596783279
3.18,2.202470041682546
3.184,2.2015274865818126
3.188,2.20058493148108
3.192,2.1996423763803468
3.196,2.1986998212796136
3.2,2.1977572661788805
3.204,2.1968147110781473
3.208,2.195872155977414
3.212,2.194929600876681
3.216,2.193987045775948
3.22,2.1930444906752147
3.224,2.192101935574482
3.228,2.191159380473749
3.232,2.1902168253730157
3.236,2.1892742702722825
3.24,2.1883317151715493
3.244,2.187389160070816
3.248,2.186446604970083
3.2520000000000002,2.18550404986935
3.2560000000000002,2.1845614947686167
3.2600000000000002,2.183618939667884
3.2640000000000002,2.182676384567151
3.2680000000000002,2.1817338294664177
3.2720000000000002,2.1807912743656845
3.2760000000000002,2.1798487192649514
3.2800000000000002,2.1789061641642182
3.2840000000000003,2.177963609063485
3.2880000000000003,2.177021053962752
3.2920000000000003,2.1760784988620188
3.2960000000000003,2.175135943761286
3.3000000000000003,2.1741933886605525
3.3040000000000003,2.1732508335598197
3.3080000000000003,2.1723082784590866
3.3120000000000003,2.1713657233583534
3.3160000000000003,2.1704231682576203
3.3200000000000003,2.169480613156887
3.3240000000000003,2.168538058056154
3.3280000000000003,2.167595502955421
3.3320000000000003,2.166652947854688
3.336,2.165710392753955
3.34,2.164767837653222
3.344,2.1638252825524886
3.348,2.1628827274517555
3.352,2.1619401723510223
3.356,2.160997617250289
3.36,2.1600550621495564
3.364,2.159112507048823
3.368,2.15816995194809
3.372,2.157227396847357
3.376,2.156284841746624
3.38,2.1553422866458907
3.384,2.1543997315451575
3.388,2.1534571764444244
3.392,2.152514621343691
3.396,2.1515720662429585
3.4,2.150629511142225
3.404,2.149686956041492
3.408,2.148744400940759
3.412,2.147801845840026
3.416,2.1468592907392927
3.42,2.1459167356385596
3.424,2.1449741805378264
3.428,2.1440316254370932
3.432,2.1430890703363605
3.436,2.142146515235627
3.44,2.1412039601348942
3.444,2.140261405034161
3.448,2.139318849933428
3.452,2.1383762948326948
3.456,2.1374337397319616
3.46,2.1364911846312284
3.464,2.1355486295304953
3.468,2.1346060744297626
3.472,2.133663519329029
3.476,2.1327209642282963
3.48,2.131778409127563
3.484,2.13083585402683
3.488,2.129893298926097
3.492,2.1289507438253636
3.496,2.1280081887246305
3.5,2.1270656336238973
3.504,2.126123078523164
3.508,2.125180523422431
3.512,2.1242379683216983
3.516,2.123295413220965
3.52,2.122352858120232
3.524,2.121410303019499
3.528,2.1204677479187657
3.532,2.1195251928180325
3.536,2.1185826377172994
3.54,2.117640082616566
3.544,2.116697527515833
3.548,2.1157549724151004
3.552,2.114812417314367
3.556,2.113869862213634
3.56,2.112927307112901
3.564,2.1119847520121677
3.568,2.1110421969114346
3.572,2.1100996418107014
3.576,2.1091570867099683
3.58,2.108214531609235
3.584,2.1072719765085024
3.588,2.1063294214077692
3.592,2.105386866307036
3.596,2.104444311206303
3.6,2.1035017561055698
3.604,2.1025592010048366
3.608,2.1016166459041035
3.612,2.1006740908033703
3.616,2.099731535702637
3.62,2.0987889806019044
3.624,2.097846425501171
3.628,2.096903870400438
3.632,2.095961315299705
3.636,2.095018760198972
3.64,2.0940762050982387
3.644,2.0931336499975055
3.648,2.0921910948967724
3.652,2.091248539796039
3.656,2.0903059846953065
3.66,2.089363429594573
3.664,2.08842087449384
3.668,2.087478319393107
3.672,2.086535764292374
3.676,2.0855932091916407
3.68,2.0846506540909076
3.684,2.0837080989901744
3.688,2.0827655438894412
3.692,2.0818229887887085
3.696,2.080880433687975
3.7,2.079937878587242
3.704,2.078995323486509
3.708,2.078052768385776
3.712,2.0771102132850428
3.716,2.0761676581843096
3.72,2.0752251030835764
3.724,2.0742825479828433
3.728,2.0733399928821106
3.732,2.072397437781377
3.736,2.0714548826806443
3.74,2.070512327579911
3.744,2.069569772479178
3.748,2.068627217378445
3.7520000000000002,2.0676846622777116
3.7560000000000002,2.0667421071769785
3.7600000000000002,2.0657995520762453
3.7640000000000002,2.0648569969755126
3.7680000000000002,2.063914441874779
3.7720000000000002,2.0629718867740463
3.7760000000000002,2.062029331673313
3.7800000000000002,2.06108677657258
3.7840000000000003,2.060144221471847
3.7880000000000003,2.0592016663711137
3.7920000000000003,2.0582591112703805
3.7960000000000003,2.0573165561696474
3.8000000000000003,2.056374001068914
3.8040000000000003,2.055431445968181
3.8080000000000003,2.0544888908674483
3.8120000000000003,2.053546335766715
3.8160000000000003,2.052603780665982
3.8200000000000003,2.051661225565249
3.8240000000000003,2.0507186704645157
3.8280000000000003,2.0497761153637826
3.8320000000000003,2.0488335602630494
3.8360000000000003,2.0478910051623163
3.8400000000000003,2.046948450061583
3.844,2.0460058949608504
3.848,2.0450633398601172
3.852,2.044120784759384
3.856,2.043178229658651
3.86,2.0422356745579178
3.864,2.0412931194571846
3.868,2.0403505643564515
3.872,2.0394080092557187
3.876,2.0384654541549856
3.88,2.0375228990542524
3.884,2.0365803439535193
3.888,2.035637788852786
3.892,2.034695233752053
3.896,2.03375267865132
3.9,2.0328101235505867
3.904,2.0318675684498535
3.908,2.030925013349121
3.912,2.029982458248387
3.916,2.0290399031476545
3.92,2.0280973480469213
3.924,2.027154792946188
3.928,2.026212237845455
3.932,2.025269682744722
3.936,2.0243271276439887
3.94,2.0233845725432555
3.944,2.022442017442523
3.948,2.0214994623417892
3.952,2.0205569072410565
3.956,2.0196143521403234
3.96,2.01867179703959
3.964,2.017729241938857
3.968,2.016786686838124
3.972,2.0158441317373907
3.976,2.0149015766366576
3.98,2.013959021535925
3.984,2.0130164664351913
3.988,2.0120739113344586
3.992,2.0111313562337254
3.996,2.0101888011329923
4.0,2.009246246032259
4.004,2.008303690931526
4.008,2.007361135830793
4.012,2.0064185807300596
4.016,2.005476025629327
4.02,2.0045334705285938
4.024,2.0035909154278606
4.028,2.0026483603271275
4.032,2.0017058052263943
4.036,2.000763250125661
4.04,1.999820695024928
4.044,1.998878139924195
4.048,1.9979355848234617
4.052,1.996993029722729
4.056,1.9960504746219956
4.06,1.9951079195212627
4.064,1.9941653644205295
4.068,1.9932228093197963
4.072,1.9922802542190632
4.076,1.99133769911833
4.08,1.9903951440175969
4.084,1.989452588916864
4.088,1.9885100338161308
4.092,1.9875674787153979
4.096,1.9866249236146645
4.1,1.9856823685139315
4.103999999999999,1.9847398134131984
4.108,1.9837972583124652
4.111999999999999,1.9828547032117323
4.116,1.981912148110999
4.119999999999999,1.9809695930102662
4.124,1.9800270379095328
4.127999999999999,1.9790844828088
4.132,1.9781419277080667
4.135999999999999,1.9771993726073336
4.14,1.9762568175066004
4.143999999999999,1.9753142624058673
4.148,1.9743717073051341
4.151999999999999,1.9734291522044012
4.156,1.972486597103668
4.159999999999999,1.971544042002935
4.164,1.970601486902202
4.167999999999999,1.9696589318014688
4.172,1.9687163767007356
4.175999999999999,1.9677738216000025
4.18,1.9668312664992693
4.183999999999999,1.9658887113985364
4.188,1.964946156297803
4.191999999999999,1.9640036011970703
4.196,1.963061046096337
4.199999999999999,1.962118490995604
4.204,1.9611759358948708
4.207999999999999,1.9602333807941377
4.212,1.9592908256934045
4.215999999999999,1.9583482705926714
4.22,1.9574057154919382
4.223999999999999,1.9564631603912053
4.228,1.9555206052904721
4.231999999999999,1.9545780501897392
4.236,1.9536354950890058
4.239999999999999,1.9526929399882729
4.244,1.9517503848875397
4.247999999999999,1.9508078297868066
4.252,1.9498652746860734
4.255999999999999,1.9489227195853405
4.26,1.9479801644846073
4.263999999999999,1.9470376093838742
4.268,1.946095054283141
4.271999999999999,1.945152499182408
4.276,1.9442099440816747
4.279999999999999,1.9432673889809418
4.284,1.9423248338802086
4.287999999999999,1.9413822787794757
4.292,1.9404397236787423
4.295999999999999,1.9394971685780094
4.3,1.9385546134772762
4.303999999999999,1.937612058376543
4.308,1.93666950327581
4.311999999999999,1.935726948175077
4.316,1.9347843930743438
4.319999999999999,1.9338418379736106
4.324,1.9328992828728775
4.327999999999999,1.9319567277721446
4.332,1.9310141726714112
4.335999999999999,1.9300716175706782
4.34,1.929129062469945
4.343999999999999,1.9281865073692122
4.348,1.9272439522684788
4.351999999999999,1.9263013971677458
4.356,1.9253588420670127
4.359999999999999,1.9244162869662795
4.364,1.9234737318655464
4.367999999999999,1.9225311767648134
4.372,1.9215886216640803
4.3759999999999994,1.9206460665633471
4.38,1.919703511462614
4.3839999999999995,1.918760956361881
4.388,1.9178184012611477
4.3919999999999995,1.9168758461604147
4.396,1.9159332910596816
4.3999999999999995,1.9149907359589486
4.404,1.9140481808582153
4.4079999999999995,1.9131056257574823
4.412,1.9121630706567492
4.4159999999999995,1.911220515556016
4.42,1.9102779604552829
4.4239999999999995,1.90933540535455
4.428,1.9083928502538168
4.4319999999999995,1.9074502951530836
4.436,1.9065077400523505
4.4399999999999995,1.9055651849516175
4.444,1.9046226298508842
4.4479999999999995,1.9036800747501512
4.452,1.902737519649418
4.4559999999999995,1.9017949645486851
4.46,1.9008524094479518
4.4639999999999995,1.8999098543472188
4.468,1.8989672992464857
4.4719999999999995,1.8980247441457525
4.476,1.8970821890450194
4.4799999999999995,1.8961396339442864
4.484,1.8951970788435533
4.4879999999999995,1.89425452374282
4.492,1.893311968642087
4.4959999999999996,1.892369413541354
4.5,1.8914268584406209
4.504,1.8904843033398877
4.508,1.8895417482391546
4.512,1.8885991931384216
4.516,1.8876566380376882
4.52,1.8867140829369553
4.524,1.8857715278362222
4.528,1.884828972735489
4.532,1.8838864176347558
4.536,1.882943862534023
4.54,1.8820013074332897
4.544,1.8810587523325566
4.548,1.8801161972318234
4.552,1.8791736421310905
4.556,1.8782310870303573
4.56,1.8772885319296242
4.564,1.876345976828891
4.568,1.875403421728158
4.572,1.8744608666274247
4.576,1.8735183115266918
4.58,1.8725757564259586
4.584,1.8716332013252257
4.588,1.8706906462244923
4.592,1.8697480911237594
4.596,1.8688055360230262
4.6,1.867862980922293
4.604,1.86692042582156
4.608,1.865977870720827
4.612,1.8650353156200938
4.616,1.8640927605193607
4.619999999999999,1.8631502054186277
4.624,1.8622076503178946
4.627999999999999,1.8612650952171614
4.632,1.8603225401164283
4.635999999999999,1.8593799850156953
4.64,1.8584374299149622
4.643999999999999,1.857494874814229
4.648,1.8565523197134959
4.651999999999999,1.855609764612763
4.656,1.8546672095120296
4.659999999999999,1.8537246544112966
4.664,1.8527820993105635
4.667999999999999,1.8518395442098305
4.672,1.8508969891090972
4.675999999999999,1.8499544340083642
4.68,1.849011878907631
4.683999999999999,1.848069323806898
4.688,1.8471267687061648
4.691999999999999,1.8461842136054318
4.696,1.8452416585046987
4.699999999999999,1.8442991034039655
4.704,1.8433565483032324
4.707999999999999,1.8424139932024994
4.712,1.841471438101766
4.715999999999999,1.8405288830010331
4.72,1.8395863279003
4.723999999999999,1.838643772799567
4.728,1.8377012176988337
4.731999999999999,1.8367586625981007
4.736,1.8358161074973676
4.739999999999999,1.8348735523966344
4.744,1.8339309972959013
4.747999999999999,1.8329884421951683
4.752,1.8320458870944352
4.755999999999999,1.831103331993702
4.76,1.8301607768929689
4.763999999999999,1.829218221792236
4.768,1.8282756666915025
4.771999999999999,1.8273331115907696
4.776,1.8263905564900365
4.779999999999999,1.8254480013893035
4.784,1.8245054462885701
4.787999999999999,1.8235628911878372
4.792,1.822620336087104
4.795999999999999,1.821677780986371
4.8,1.8207352258856377
4.803999999999999,1.8197926707849048
4.808,1.8188501156841717
4.811999999999999,1.8179075605834385
4.816,1.8169650054827053
4.819999999999999,1.8160224503819724
4.824,1.815079895281239
4.827999999999999,1.814137340180506
4.832,1.813194785079773
4.835999999999999,1.81225222997904
4.84,1.8113096748783066
4.843999999999999,1.8103671197775737
4.848,1.8094245646768405
4.851999999999999,1.8084820095761074
4.856,1.8075394544753742
4.859999999999999,1.8065968993746413
4.864,1.8056543442739081
4.867999999999999,1.804711789173175
4.872,1.8037692340724418
4.8759999999999994,1.802826678971709
4.88,1.8018841238709757
4.8839999999999995,1.8009415687702426
4.888,1.7999990136695094
4.8919999999999995,1.7990564585687765
4.896,1.7981139034680431
4.8999999999999995,1.7971713483673102
4.904,1.796228793266577
4.9079999999999995,1.7952862381658439
4.912,1.7943436830651107
4.9159999999999995,1.7934011279643778
4.92,1.7924585728636446
4.9239999999999995,1.7915160177629115
4.928,1.7905734626621783
4.9319999999999995,1.7896309075614454
4.936,1.7886883524607122
4.9399999999999995,1.787745797359979
4.944,1.786803242259246
4.9479999999999995,1.785860687158513
4.952,1.7849181320577796
4.9559999999999995,1.7839755769570467
4.96,1.7830330218563135
4.9639999999999995,1.7820904667555806
4.968,1.7811479116548472
4.9719999999999995,1.7802053565541143
4.976,1.7792628014533811
4.9799999999999995,1.778320246352648
4.984,1.7773776912519148
4.9879999999999995,1.7764351361511819
4.992,1.7754925810504487
4.9959999999999996,1.7745500259497156
5.0,1.7736074708489824
5.004,1.7726649157482495
5.008,1.771722360647516
5.012,1.7707798055467832
5.016,1.76983725044605
5.02,1.768894695345317
5.024,1.7679521402445837
5.028,1.7670095851438508
5.032,1.7660670300431176
5.036,1.7651244749423844
5.04,1.7641819198416513
5.044,1.7632393647409184
5.048,1.7622968096401852
5.052,1.761354254539452
5.056,1.760411699438719
5.06,1.759469144337986
5.064,1.7585265892372526
5.068,1.7575840341365196
5.072,1.7566414790357865
5.076,1.7556989239350536
5.08,1.7547563688343202
5.084,1.7538138137335872
5.088,1.752871258632854
5.092,1.751928703532121
5.096,1.7509861484313878
5.1,1.7500435933306548
5.104,1.7491010382299217
5.108,1.7481584831291885
5.112,1.7472159280284554
5.116,1.7462733729277224
5.12,1.745330817826989
5.124,1.7443882627262561
5.127999999999999,1.7434457076255232
5.132,1.74250315252479
5.135999999999999,1.7415605974240569
5.14,1.7406180423233237
5.143999999999999,1.7396754872225908
5.148,1.7387329321218574
5.151999999999999,1.7377903770211245
5.156,1.7368478219203913
5.159999999999999,1.7359052668196584
5.164,1.734962711718925
5.167999999999999,1.734020156618192
5.172,1.733077601517459
5.175999999999999,1.7321350464167258
5.18,1.7311924913159926
5.183999999999999,1.7302499362152597
5.188,1.7293073811145265
5.191999999999999,1.7283648260137934
5.196,1.7274222709130602
5.199999999999999,1.7264797158123273
5.204,1.725537160711594
5.207999999999999,1.724594605610861
5.212,1.7236520505101278
5.215999999999999,1.7227094954093949
5.22,1.7217669403086615
5.223999999999999,1.7208243852079286
5.228,1.7198818301071954
5.231999999999999,1.7189392750064623
5.236,1.717996719905729
5.239999999999999,1.7170541648049962
5.244,1.716111609704263
5.247999999999999,1.7151690546035299
5.252,1.7142264995027967
5.255999999999999,1.7132839444020638
5.26,1.7123413893013306
5.263999999999999,1.7113988342005975
5.268,1.7104562790998643
5.271999999999999,1.7095137239991314
5.276,1.708571168898398
5.279999999999999,1.707628613797665
5.284,1.706686058696932
5.287999999999999,1.705743503596199
5.292,1.7048009484954656
5.295999999999999,1.7038583933947327
5.3,1.7029158382939995
5.303999999999999,1.7019732831932664
5.308,1.7010307280925332
5.311999999999999,1.7000881729918003
5.316,1.699145617891067
5.319999999999999,1.698203062790334
5.324,1.6972605076896008
5.327999999999999,1.6963179525888679
5.332,1.6953753974881345
5.335999999999999,1.6944328423874015
5.34,1.6934902872866684
5.343999999999999,1.6925477321859355
5.348,1.691605177085202
5.351999999999999,1.6906626219844691
5.356,1.689720066883736
5.359999999999999,1.6887775117830028
5.364,1.6878349566822697
5.367999999999999,1.6868924015815367
5.372,1.6859498464808036
5.3759999999999994,1.6850072913800704
5.38,1.6840647362793373
5.3839999999999995,1.6831221811786043
5.388,1.682179626077871
5.3919999999999995,1.681237070977138
5.396,1.6802945158764049
5.3999999999999995,1.679351960775672
5.404,1.6784094056749386
5.4079999999999995,1.6774668505742056
5.412,1.6765242954734725
5.4159999999999995,1.6755817403727393
5.42,1.6746391852720062
5.4239999999999995,1.6736966301712732
5.428,1.67275407507054
5.4319999999999995,1.671811519969807
5.436,1.6708689648690738
5.4399999999999995,1.6699264097683408
5.444,1.6689838546676075
5.4479999999999995,1.6680412995668745
5.452,1.6670987444661414
5.4559999999999995,1.6661561893654084
5.46,1.665213634264675
5.4639999999999995,1.6642710791639421
5.468,1.663328524063209
5.4719999999999995,1.6623859689624758
5.476,1.6614434138617427
5.4799999999999995,1.6605008587610097
5.484,1.6595583036602766
5.4879999999999995,1.6586157485595434
5.492,1.6576731934588103
5.4959999999999996,1.6567306383580773
5.5,1.655788083257344
5.504,1.654845528156611
5.508,1.6539029730558779
5.512,1.652960417955145
5.516,1.6520178628544115
5.52,1.6510753077536786
5.524,1.6501327526529455
5.528,1.6491901975522123
5.532,1.6482476424514791
5.536,1.6473050873507462
5.54,1.646362532250013
5.544,1.64541997714928
5.548,1.6444774220485467
5.552,1.6435348669478138
5.556,1.6425923118470807
5.56,1.6416497567463475
5.564,1.6407072016456143
5.568,1.6397646465448814
5.572,1.638822091444148
5.576,1.637879536343415
5.58,1.636936981242682
5.584,1.635994426141949
5.588,1.6350518710412156
5.592,1.6341093159404827
5.596,1.6331667608397495
5.6,1.6322242057390164
5.604,1.6312816506382832
5.608,1.6303390955375503
5.612,1.6293965404368171
5.616,1.628453985336084
5.62,1.6275114302353508
5.624,1.626568875134618
5.628,1.6256263200338845
5.632,1.6246837649331516
5.635999999999999,1.6237412098324187
5.64,1.6227986547316855
5.643999999999999,1.6218560996309523
5.648,1.6209135445302192
5.651999999999999,1.6199709894294863
5.656,1.6190284343287529
5.659999999999999,1.61808587922802
5.664,1.6171433241272868
5.667999999999999,1.6162007690265539
5.672,1.6152582139258205
5.675999999999999,1.6143156588250875
5.68,1.6133731037243544
5.683999999999999,1.6124305486236212
5.688,1.611487993522888
5.691999999999999,1.6105454384221551
5.696,1.609602883321422
5.699999999999999,1.6086603282206888
5.704,1.6077177731199557
5.707999999999999,1.6067752180192227
5.712,1.6058326629184894
5.715999999999999,1.6048901078177564
5.72,1.6039475527170233
5.723999999999999,1.6030049976162903
5.728,1.602062442515557
5.731999999999999,1.601119887414824
5.736,1.6001773323140909
5.739999999999999,1.5992347772133577
5.744,1.5982922221126246
5.747999999999999,1.5973496670118916
5.752,1.5964071119111585
5.755999999999999,1.5954645568104253
5.76,1.5945220017096922
5.763999999999999,1.5935794466089592
5.768,1.5926368915082258
5.771999999999999,1.591694336407493
5.776,1.5907517813067598
5.779999999999999,1.5898092262060268
5.784,1.5888666711052934
5.787999999999999,1.5879241160045605
5.792,1.5869815609038274
5.795999999999999,1.5860390058030942
5.8,1.585096450702361
5.803999999999999,1.5841538956016281
5.808,1.583211340500895
5.811999999999999,1.5822687854001618
5.816,1.5813262302994286
5.819999999999999,1.5803836751986957
5.824,1.5794411200979623
5.827999999999999,1.5784985649972294
5.832,1.5775560098964962
5.835999999999999,1.5766134547957633
5.84,1.57567089969503
5.843999999999999,1.574728344594297
5.848,1.5737857894935638
5.851999999999999,1.5728432343928307
5.856,1.5719006792920975
5.859999999999999,1.5709581241913646
5.864,1.5700155690906314
5.867999999999999,1.5690730139898983
5.872,1.5681304588891651
5.8759999999999994,1.5671879037884322
5.88,1.566245348687699
5.8839999999999995,1.565302793586966
5.888,1.5643602384862327
5.8919999999999995,1.5634176833854998
5.896,1.5624751282847664
5.8999999999999995,1.5615325731840335
5.904,1.5605900180833003
5.9079999999999995,1.5596474629825672
5.912,1.558704907881834
5.9159999999999995,1.557762352781101
5.92,1.556819797680368
5.9239999999999995,1.5558772425796348
5.928,1.5549346874789016
5.9319999999999995,1.5539921323781687
5.936,1.5530495772774355
5.9399999999999995,1.5521070221767024
5.944,1.5511644670759692
5.9479999999999995,1.5502219119752363
5.952,1.549279356874503
5.9559999999999995,1.54833680177377
5.96,1.5473942466730368
5.9639999999999995,1.5464516915723039
5.968,1.5455091364715705
5.9719999999999995,1.5445665813708376
5.976,1.5436240262701044
5.9799999999999995,1.5426814711693713
5.984,1.541738916068638
5.9879999999999995,1.5407963609679052
5.992,1.539853805867172
5.9959999999999996,1.5389112507664389
6.0,1.5379686956657057
6.004,1.5370261405649728
6.008,1.5360835854642394
6.012,1.5351410303635065
6.016,1.5341984752627733
6.02,1.5332559201620404
6.024,1.532313365061307
6.028,1.531370809960574
6.032,1.530428254859841
6.036,1.5294856997591078
6.04,1.5285431446583746
6.044,1.5276005895576417
6.048,1.5266580344569085
6.052,1.5257154793561754
6.056,1.5247729242554422
6.06,1.5238303691547093
6.064,1.5228878140539759
6.068,1.521945258953243
6.072,1.5210027038525098
6.076,1.5200601487517769
6.08,1.5191175936510435
6.084,1.5181750385503106
6.088,1.5172324834495774
6.092,1.5162899283488442
6.096,1.515347373248111
6.1,1.5144048181473782
6.104,1.513462263046645
6.108,1.5125197079459118
6.112,1.5115771528451787
6.116,1.5106345977444458
6.12,1.5096920426437124
6.124,1.5087494875429794
6.128,1.5078069324422463
6.132,1.5068643773415134
6.136,1.50592182224078
6.14,1.504979267140047
6.144,1.5040367120393139
6.148,1.5030941569385807
6.151999999999999,1.5021516018378478
6.156,1.5012090467371146
6.159999999999999,1.5002664916363817
6.164,1.4993239365356483
6.167999999999999,1.4983813814349154
6.172,1.4974388263341822
6.175999999999999,1.496496271233449
6.18,1.495553716132716
6.183999999999999,1.494611161031983
6.188,1.4936686059312498
6.191999999999999,1.4927260508305167
6.196,1.4917834957297835
6.199999999999999,1.4908409406290506
6.204,1.4898983855283172
6.207999999999999,1.4889558304275843
6.212,1.4880132753268511
6.215999999999999,1.4870707202261182
6.22,1.4861281651253848
6.223999999999999,1.4851856100246519
6.228,1.4842430549239187
6.231999999999999,1.4833004998231856
6.236,1.4823579447224524
6.239999999999999,1.4814153896217195
6.244,1.4804728345209863
6.247999999999999,1.4795302794202532
6.252,1.47858772431952
6.255999999999999,1.477645169218787
6.26,1.476702614118054
6.263999999999999,1.4757600590173208
6.268,1.4748175039165876
6.271999999999999,1.4738749488158547
6.276,1.4729323937151213
6.279999999999999,1.4719898386143884
6.284,1.4710472835136552
6.287999999999999,1.4701047284129223
6.292,1.469162173312189
6.295999999999999,1.468219618211456
6.3,1.4672770631107228
6.303999999999999,1.4663345080099897
6.308,1.4653919529092565
6.311999999999999,1.4644493978085236
6.316,1.4635068427077904
6.319999999999999,1.4625642876070573
6.324,1.461621732506324
6.327999999999999,1.4606791774055912
6.332,1.4597366223048578
6.335999999999999,1.4587940672041249
6.34,1.4578515121033917
6.343999999999999,1.4569089570026588
6.348,1.4559664019019254
6.351999999999999,1.4550238468011925
6.356,1.4540812917004593
6.359999999999999,1.4531387365997261
6.364,1.452196181498993
6.367999999999999,1.45125362639826
6.372,1.450311071297527
6.3759999999999994,1.4493685161967937
6.38,1.4484259610960606
6.3839999999999995,1.4474834059953277
6.388,1.4465408508945943
6.3919999999999995,1.4455982957938613
6.396,1.4446557406931282
6.3999999999999995,1.4437131855923953
6.404,1.4427706304916619
6.4079999999999995,1.441828075390929
6.412,1.4408855202901958
6.4159999999999995,1.4399429651894626
6.42,1.4390004100887295
6.4239999999999995,1.4380578549879965
6.428,1.4371152998872634
6.4319999999999995,1.4361727447865302
6.436,1.435230189685797
6.4399999999999995,1.4342876345850641
6.444,1.4333450794843308
6.4479999999999995,1.4324025243835978
6.452,1.4314599692828647
6.4559999999999995,1.4305174141821317
6.46,1.4295748590813984
6.4639999999999995,1.4286323039806654
6.468,1.4276897488799323
6.4719999999999995,1.4267471937791991
6.476,1.425804638678466
6.4799999999999995,1.424862083577733
6.484,1.4239195284769999
6.4879999999999995,1.4229769733762667
6.492,1.4220344182755336
6.4959999999999996,1.4210918631748006
6.5,1.4201493080740675
6.504,1.4192067529733343
6.508,1.4182641978726012
6.512,1.4173216427718682
6.516,1.4163790876711349
6.52,1.415436532570402
6.524,1.4144939774696688
6.528,1.4135514223689356
6.532,1.4126088672682025
6.536,1.4116663121674695
6.54,1.4107237570667364
6.544,1.4097812019660032
6.548,1.40883864686527
6.552,1.4078960917645371
6.556,1.406953536663804
6.56,1.4060109815630708
6.564,1.4050684264623376
6.568,1.4041258713616047
6.572,1.4031833162608713
6.576,1.4022407611601384
6.58,1.4012982060594052
6.584,1.4003556509586723
6.588,1.399413095857939
6.592,1.398470540757206
6.596,1.3975279856564728
6.6,1.3965854305557397
6.604,1.3956428754550065
6.608,1.3947003203542736
6.612,1.3937577652535404
6.616,1.3928152101528073
6.62,1.3918726550520741
6.624,1.3909300999513412
6.628,1.3899875448506078
6.632,1.389044989749875
6.636,1.3881024346491417
6.64,1.3871598795484088
6.644,1.3862173244476754
6.648,1.3852747693469425
6.652,1.3843322142462093
6.656,1.3833896591454762
6.66,1.382447104044743
6.664,1.38150454894401
6.667999999999999,1.3805619938432772
6.672,1.3796194387425438
6.675999999999999,1.3786768836418108
6.68,1.3777343285410777
6.683999999999999,1.3767917734403445
6.688,1.3758492183396114
6.691999999999999,1.3749066632388784
6.696,1.3739641081381453
6.699999999999999,1.3730215530374121
6.704,1.372078997936679
6.707999999999999,1.371136442835946
6.712,1.3701938877352127
6.715999999999999,1.3692513326344797
6.72,1.3683087775337466
6.723999999999999,1.3673662224330136
6.728,1.3664236673322803
6.731999999999999,1.3654811122315473
6.736,1.3645385571308142
6.739999999999999,1.363596002030081
6.744,1.3626534469293479
6.747999999999999,1.361710891828615
6.752,1.3607683367278818
6.755999999999999,1.3598257816271486
6.76,1.3588832265264155
6.763999999999999,1.3579406714256825
6.768,1.3569981163249492
6.771999999999999,1.3560555612242162
6.776,1.355113006123483
6.779999999999999,1.3541704510227501
6.784,1.3532278959220168
6.787999999999999,1.3522853408212838
6.792,1.3513427857205507
6.795999999999999,1.3504002306198175
6.8,1.3494576755190844
6.803999999999999,1.3485151204183514
6.808,1.3475725653176183
6.811999999999999,1.346630010216885
6.816,1.345687455116152
6.819999999999999,1.344744900015419
6.824,1.3438023449146856
6.827999999999999,1.3428597898139527
6.832,1.3419172347132196
6.835999999999999,1.3409746796124866
6.84,1.3400321245117532
6.843999999999999,1.3390895694110203
6.848,1.3381470143102872
6.851999999999999,1.337204459209554
6.856,1.3362619041088208
6.859999999999999,1.335319349008088
6.864,1.3343767939073548
6.867999999999999,1.3334342388066216
6.872,1.3324916837058884
6.8759999999999994,1.3315491286051555
6.88,1.3306065735044224
6.8839999999999995,1.3296640184036892
6.888,1.328721463302956
6.8919999999999995,1.327778908202223
6.896,1.3268363531014897
6.8999999999999995,1.3258937980007568
6.904,1.3249512429000236
6.9079999999999995,1.3240086877992905
6.912,1.3230661326985573
6.9159999999999995,1.3221235775978244
6.92,1.3211810224970912
6.9239999999999995,1.320238467396358
6.928,1.319295912295625
6.9319999999999995,1.318353357194892
6.936,1.3174108020941588
6.9399999999999995,1.3164682469934257
6.944,1.3155256918926925
6.9479999999999995,1.3145831367919596
6.952,1.3136405816912262
6.9559999999999995,1.3126980265904933
6.96,1.3117554714897601
6.9639999999999995,1.3108129163890272
6.968,1.3098703612882938
6.9719999999999995,1.3089278061875609
6.976,1.3079852510868277
6.9799999999999995,1.3070426959860946
6.984,1.3061001408853614
6.9879999999999995,1.3051575857846285
6.992,1.3042150306838953
6.9959999999999996,1.3032724755831622
7.0,1.302329920482429
7.004,1.301387365381696
7.008,1.3004448102809627
7.012,1.2995022551802298
7.016,1.2985597000794966
7.02,1.2976171449787637
7.024,1.2966745898780303
7.028,1.2957320347772974
7.032,1.2947894796765642
7.036,1.293846924575831
7.04,1.292904369475098
7.044,1.291961814374365
7.048,1.2910192592736318
7.052,1.2900767041728987
7.056,1.2891341490721655
7.06,1.2881915939714326
7.064,1.2872490388706992
7.068,1.2863064837699663
7.072,1.285363928669233
7.076,1.2844213735685002
7.08,1.2834788184677668
7.084,1.2825362633670339
7.088,1.2815937082663007
7.092,1.2806511531655675
7.096,1.2797085980648344
7.1,1.2787660429641015
7.104,1.2778234878633683
7.108,1.2768809327626351
7.112,1.275938377661902
7.116,1.274995822561169
7.12,1.2740532674604357
7.124,1.2731107123597027
7.128,1.2721681572589696
7.132,1.2712256021582367
7.136,1.2702830470575033
7.14,1.2693404919567703
7.144,1.2683979368560372
7.148,1.267455381755304
7.152,1.2665128266545709
7.156,1.265570271553838
7.16,1.2646277164531048
7.164,1.2636851613523716
7.168,1.2627426062516385
7.172,1.2618000511509055
7.175999999999999,1.2608574960501724
7.18,1.2599149409494392
7.183999999999999,1.2589723858487063
7.188,1.2580298307479731
7.191999999999999,1.25708727564724
7.196,1.2561447205465068
7.199999999999999,1.255202165445774
7.204,1.2542596103450405
7.207999999999999,1.2533170552443076
7.212,1.2523745001435744
7.215999999999999,1.2514319450428415
7.22,1.2504893899421081
7.223999999999999,1.2495468348413752
7.228,1.248604279740642
7.231999999999999,1.2476617246399089
7.236,1.2467191695391757
7.239999999999999,1.2457766144384428
7.244,1.2448340593377096
7.247999999999999,1.2438915042369765
7.252,1.2429489491362433
7.255999999999999,1.2420063940355104
7.26,1.2410638389347772
7.263999999999999,1.240121283834044
7.268,1.239178728733311
7.271999999999999,1.238236173632578
7.276,1.2372936185318446
7.279999999999999,1.2363510634311117
7.284,1.2354085083303785
7.287999999999999,1.2344659532296456
7.292,1.2335233981289122
7.295999999999999,1.2325808430281793
7.3,1.2316382879274461
7.303999999999999,1.230695732826713
7.308,1.2297531777259798
7.311999999999999,1.2288106226252469
7.316,1.2278680675245137
7.319999999999999,1.2269255124237806
7.324,1.2259829573230474
7.327999999999999,1.2250404022223145
7.332,1.224097847121581
7.335999999999999,1.2231552920208482
7.34,1.222212736920115
7.343999999999999,1.221270181819382
7.348,1.2203276267186487
7.351999999999999,1.2193850716179158
7.356,1.2184425165171826
7.359999999999999,1.2174999614164494
7.364,1.2165574063157163
7.367999999999999,1.2156148512149834
7.372,1.2146722961142502
7.3759999999999994,1.213729741013517
7.38,1.212787185912784
7.3839999999999995,1.211844630812051
7.388,1.2109020757113176
7.3919999999999995,1.2099595206105846
7.396,1.2090169655098515
7.3999999999999995,1.2080744104091186
7.404,1.2071318553083852
7.4079999999999995,1.2061893002076522
7.412,1.205246745106919
7.4159999999999995,1.204304190006186
7.42,1.2033616349054528
7.4239999999999995,1.2024190798047198
7.428,1.2014765247039867
7.4319999999999995,1.2005339696032535
7.436,1.1995914145025204
7.4399999999999995,1.1986488594017874
7.444,1.197706304301054
7.4479999999999995,1.1967637492003211
7.452,1.195821194099588
7.4559999999999995,1.194878638998855
7.46,1.1939360838981217
7.4639999999999995,1.1929935287973887
7.468,1.1920509736966556
7.4719999999999995,1.1911084185959224
7.476,1.1901658634951893
7.4799999999999995,1.1892233083944563
7.484,1.1882807532937232
7.4879999999999995,1.18733819819299
7.492,1.1863956430922569
7.4959999999999996,1.185453087991524
7.5,1.1845105328907906
7.504,1.1835679777900576
7.508,1.1826254226893245
7.512,1.1816828675885915
7.516,1.1807403124878582
7.52,1.1797977573871252
7.524,1.178855202286392
7.528,1.177912647185659
7.532,1.1769700920849258
7.536,1.1760275369841928
7.54,1.1750849818834597
7.544,1.1741424267827265
7.548,1.1731998716819934
7.552,1.1722573165812604
7.556,1.1713147614805273
7.56,1.1703722063797941
7.564,1.169429651279061
7.568,1.168487096178328
7.572,1.1675445410775946
7.576,1.1666019859768617
7.58,1.1656594308761286
7.584,1.1647168757753956
7.588,1.1637743206746622
7.592,1.1628317655739293
7.596,1.1618892104731962
7.6,1.160946655372463
7.604,1.1600041002717298
7.608,1.159061545170997
7.612,1.1581189900702638
7.616,1.1571764349695306
7.62,1.1562338798687974
7.624,1.1552913247680645
7.628,1.1543487696673311
7.632,1.1534062145665982
7.636,1.152463659465865
7.64,1.151521104365132
7.644,1.1505785492643987
7.648,1.1496359941636658
7.652,1.1486934390629326
7.656,1.1477508839621995
7.66,1.1468083288614663
7.664,1.1458657737607334
7.668,1.1449232186600002
7.672,1.143980663559267
7.676,1.143038108458534
7.68,1.142095553357801
7.683999999999999,1.1411529982570678
7.688,1.1402104431563347
7.691999999999999,1.1392678880556018
7.696,1.1383253329548686
7.699999999999999,1.1373827778541354
7.704,1.1364402227534023
7.707999999999999,1.1354976676526694
7.712,1.134555112551936
7.715999999999999,1.133612557451203
7.72,1.1326700023504699
7.723999999999999,1.131727447249737
7.728,1.1307848921490036
7.731999999999999,1.1298423370482706
7.736,1.1288997819475375
7.739999999999999,1.1279572268468043
7.744,1.1270146717460712
7.747999999999999,1.1260721166453382
7.752,1.125129561544605
7.755999999999999,1.124187006443872
7.76,1.1232444513431388
7.763999999999999,1.1223018962424058
7.768,1.1213593411416725
7.771999999999999,1.1204167860409395
7.776,1.1194742309402064
7.779999999999999,1.1185316758394734
7.784,1.11758912073874
7.787999999999999,1.1166465656380071
7.792,1.115704010537274
7.795999999999999,1.1147614554365408
7.8,1.1138189003358077
7.803999999999999,1.1128763452350747
7.808,1.1119337901343416
7.811999999999999,1.1109912350336084
7.816,1.1100486799328753
7.819999999999999,1.1091061248321423
7.824,1.108163569731409
7.827999999999999,1.107221014630676
7.832,1.1062784595299429
7.835999999999999,1.10533590442921
7.84,1.1043933493284765
7.843999999999999,1.1034507942277436
7.848,1.1025082391270105
7.851999999999999,1.1015656840262773
7.856,1.1006231289255441
7.859999999999999,1.0996805738248112
7.864,1.098738018724078
7.867999999999999,1.097795463623345
7.872,1.0968529085226117
7.8759999999999994,1.0959103534218788
7.88,1.0949677983211457
7.8839999999999995,1.0940252432204125
7.888,1.0930826881196793
7.8919999999999995,1.0921401330189464
7.896,1.091197577918213
7.8999999999999995,1.09025502281748
7.904,1.089312467716747
7.9079999999999995,1.0883699126160138
7.912,1.0874273575152806
7.9159999999999995,1.0864848024145477
7.92,1.0855422473138145
7.9239999999999995,1.0845996922130814
7.928,1.0836571371123482
7.9319999999999995,1.0827145820116153
