cone1,cone2,cone3,center1x,center1y,center2x,center2y,center3x,center3y,slice_index
,,,,,,,,,1
,290.28741455078125,,,,1662.2503662109375,,,,5
152.65280151367188,,,,1608.81787109375,,,,,9
,,,,,,295.6010131835937,,,13
,295.7102355957031,,,,1673.7142333984375,,,,17
277.23760986328125,319.3489074707031,,,,1658.572021484375,,,,21
,,290.0652770996094,,,1657.1849365234375,,145.1851806640625,296.95703125,26
,318.2745361328125,268.76071166992193,,,1652.9793701171875,,131.66053771972656,303.5433349609375,30
,,270.57040405273443,,,1655.8380126953125,,142.0415496826172,290.0834045410156,34
,,280.3402709960937,,,1660.1136474609375,,133.08061218261722,295.4272766113281,38
,313.5791320800781,,,,1654.2965087890625,,,,42
,,,,,1652.490478515625,,,,47
,,294.1698303222656,,,1660.79345703125,,131.01190185546878,289.45660400390625,51
,,269.15005493164057,,,,,144.3416748046875,294.28912353515625,55
,309.8798217773437,,,,1650.4544677734375,,,,59
,,,,,,,,,63
,,290.21099853515625,,,1654.14306640625,,132.94248962402344,297.7604675292969,68
,,322.6925964355469,,,1662.364013671875,307.5437316894531,126.86981964111328,295.6127319335937,72
,,321.1656494140625,,,1661.458984375,,115.44447326660156,289.9453430175781,76
,,325.9571838378906,,,,,,293.81414794921875,80
,,316.3100891113281,,,1662.1456298828125,,134.75038146972656,292.6241455078125,84
,,297.5907897949219,,,1660.771728515625,,134.61274719238278,297.5768127441406,88
,,287.3487243652344,,,1652.473876953125,,140.73086547851562,283.82684326171875,93
,,330.4925231933594,,,1662.482666015625,,130.53245544433594,294.1923828125,97
,,314.9322204589844,,,,,,283.4275207519531,101
229.6123046875,297.3805236816406,276.42526245117193,,1600.9205322265625,1657.5528564453125,,131.28890991210938,288.74951171875,105
,,323.4580383300781,,,,,134.37666320800778,292.3092041015625,109
291.0680847167969,,332.0326538085937,869.78173828125,1597.3851318359375,1660.2391357421875,,110.38459777832033,285.37579345703125,114
302.6058654785156,,310.4564514160156,873.7978515625,1610.29638671875,1660.245361328125,,134.74490356445312,290.9031982421875,118
,,335.7948303222656,,,,,120.98426055908205,289.4292907714844,122
,,333.6416931152344,,,,,115.2020034790039,289.7883605957031,126
,,332.9140319824219,,,,,124.02542877197266,289.581787109375,130
304.00445556640625,,341.3778991699219,872.0909423828125,1601.983642578125,1659.457275390625,,121.23363494873048,290.2455749511719,135
285.85723876953125,,334.989013671875,873.7372436523438,1595.6826171875,1659.42236328125,,120.91963958740234,290.8065185546875,139
,,331.4237670898437,874.1427612304688,1625.4930419921875,1659.711669921875,,125.13471221923828,289.5199890136719,143
285.7311096191406,311.4125366210937,337.8515930175781,869.1136474609375,1596.9276123046875,1656.400390625,306.984375,118.5649185180664,286.7642822265625,147
,,330.9220886230469,,,1661.1697998046875,,116.95892333984376,284.7348937988281,151
,,317.4333190917969,,,,,123.43609619140624,279.441650390625,156
300.6746520996094,,337.5194091796875,868.7425537109375,1601.54150390625,1657.7828369140625,,110.15692138671876,283.5733947753906,160
292.91485595703125,,335.3705139160156,872.1329956054688,1600.25,1659.297607421875,,116.1417236328125,287.99176025390625,164
300.0863342285156,,329.522705078125,875.6807861328125,1604.769775390625,1660.6654052734375,,121.32498168945312,283.4643859863281,168
,,331.2799377441406,,,,,121.1998291015625,287.016845703125,172
307.03271484375,,334.6472473144531,871.3334350585938,1606.227294921875,1660.88330078125,,117.31982421875,287.53387451171875,176
,,327.5635070800781,,,,,123.77567291259766,281.08840942382807,181
280.322265625,,337.8711853027344,872.0885009765625,1594.03466796875,1661.9403076171875,,113.74940490722656,287.6454162597656,185
,,326.99566650390625,871.1195678710938,1618.3525390625,1661.0484619140625,,120.55593872070312,286.6842041015625,189
305.6567077636719,,324.66339111328125,873.1112670898438,1607.220458984375,1659.9276123046875,,125.82239532470705,288.5098571777344,193
,,332.46356201171875,,,,,121.90411376953124,288.4939270019531,197
,,330.15203857421875,874.1580810546875,1631.3424072265625,1656.594970703125,,119.55006408691406,286.6366577148437,202
301.1136474609375,321.64752197265625,325.65966796875,871.2904052734375,1609.6640625,1659.8739013671875,,120.65943908691406,287.3502197265625,206
274.3746337890625,,326.5311889648437,871.6361083984375,1591.7784423828125,1661.2723388671875,,116.85122680664062,285.9118957519531,210
,,317.2151794433594,,,,,126.0281219482422,289.04815673828125,214
,,331.6072082519531,,,,,122.50572204589844,289.2147827148437,218
,,336.2793273925781,,,,,114.96817016601562,287.27105712890625,223
,,307.8544921875,,,,,133.37663269042972,286.3197631835937,227
,,330.787841796875,,,,,123.16970825195312,286.8057556152344,231
,,336.5210876464844,,,,,115.49860382080078,288.0109558105469,235
,,321.8094177246094,,,,,124.18959045410156,288.61846923828125,239
,,332.4539489746094,,,,,121.81210327148438,287.7291564941406,244
,,327.4883117675781,,,,,120.81268310546876,287.41357421875,248
,,314.3441772460937,,,,,128.11618041992188,286.98419189453125,252
,,322.9818115234375,,,,,126.7780532836914,287.2171630859375,256
,,332.5906066894531,,,,,120.2984619140625,287.3791198730469,260
,,316.24658203125,,,,,131.69476318359378,289.7615661621094,264
,,331.4131774902344,,,,,122.83767700195312,287.6991882324219,269
,,320.978515625,,,,,125.48690795898438,287.5411376953125,273
,,309.941162109375,,,,,131.50189208984378,287.5709533691406,277
,,328.5327453613281,,,,,124.75460052490234,289.03729248046875,281
,,319.7415771484375,,,,,124.00074005126952,287.84136962890625,285
,,312.033447265625,,,,,131.14889526367188,291.3548583984375,290
,,313.4897766113281,,,,,129.94000244140622,289.0688171386719,294
,,319.474365234375,,,,,125.38189697265624,288.5122375488281,298
,,313.1700744628906,,,,,126.54204559326172,286.0005187988281,302
,,316.22174072265625,,,,,128.10305786132812,288.80419921875,306
,,323.8827819824219,,,,,121.9104232788086,289.3505859375,311
,,318.09033203125,,,,,125.76251220703124,288.3047790527344,315
,,326.4413452148437,,,,,123.18943786621094,286.5840759277344,319
,,325.5394592285156,,,,,121.59098815917967,287.61328125,323
,,328.7647705078125,,,,,121.73258972167967,286.6712646484375,327
,,330.3586120605469,,,,,121.5090560913086,287.9649658203125,332
,,327.50390625,,,,,123.5362548828125,288.4757080078125,336
,,317.0624694824219,,,,,128.74212646484378,286.4477233886719,340
244.6895446777344,317.89697265625,334.4530029296875,873.5557250976562,,1663.7735595703125,,117.04470825195312,285.9848937988281,344
,,323.5694274902344,,,,,125.35574340820312,286.666748046875,348
271.29421997070307,317.9335327148437,325.60577392578125,874.4390869140625,1599.6080322265625,1662.2825927734375,,123.58096313476562,287.1808166503906,352
,,323.6191711425781,,,,,121.91201782226562,286.28143310546875,357
,,324.9189147949219,,,,,122.25848388671876,286.8928527832031,361
,,325.0451354980469,,,,,122.9506378173828,286.20098876953125,365
,,334.3429870605469,,,,,113.65093231201172,285.47576904296875,369
,,333.3551025390625,,,,,118.32750701904295,285.7290344238281,373
,,325.083984375,,,,,121.56568908691406,287.1141052246094,378
,279.5805053710937,325.69854736328125,,,1666.736328125,302.1319274902344,119.01879119873048,284.37921142578125,382
,291.4618835449219,321.33697509765625,,,1658.1151123046875,305.27294921875,119.86872863769533,281.27407836914057,386
,,323.6568298339844,,,,,121.74686431884766,284.415771484375,390
,,330.3653869628906,,,,,115.23200988769533,284.1330261230469,394
,,326.2267150878906,,,,,118.60784912109376,284.615478515625,399
,,321.9332275390625,,,,,121.63668823242188,284.9950561523437,403
,,323.150634765625,,,,,114.7076416015625,283.4689636230469,407
,,321.97393798828125,,,,,120.63259887695312,284.60552978515625,411
,,326.2099304199219,,,,,119.92180633544922,284.7457580566406,415
,,323.2066345214844,,,,,119.0391616821289,284.8578186035156,420
,307.643310546875,,,,1667.2972412109375,308.6134338378906,,,424
,,322.93878173828125,,,,,120.09033203125,285.2231750488281,428
,,318.9635314941406,,,,,120.4825439453125,285.4879150390625,432
,,316.1169128417969,,,,,122.29137420654295,284.6759338378906,436
,,326.19207763671875,,,,,108.05827331542967,273.65557861328125,440
,,319.51239013671875,,,,,120.07557678222656,284.8645324707031,445
254.1881256103516,282.8325500488281,314.2021179199219,877.678466796875,1603.22509765625,1668.8203125,308.01092529296875,119.5953369140625,280.80349731445307,449
,,329.3326110839844,,,,,115.1777572631836,284.1015930175781,453
,,322.6861572265625,,,,,115.39195251464844,283.9442749023437,457
,,310.1441955566406,,,,,123.01683044433594,282.393798828125,461
268.3798217773437,309.11407470703125,315.61920166015625,875.5274658203125,1601.2042236328125,1665.4659423828125,308.34356689453125,120.66448974609376,284.2670288085937,466
,,310.77935791015625,,,,,122.87023162841795,282.7287902832031,470
256.68096923828125,301.6964111328125,310.4405517578125,876.609619140625,1599.734130859375,1664.0418701171875,306.4747009277344,123.07429504394533,283.207275390625,474
247.02731323242188,306.7880859375,322.01593017578125,876.2355346679688,1594.09814453125,1665.8707275390625,307.2899169921875,116.0497589111328,283.3561706542969,478
291.9073791503906,302.4715881347656,312.8035583496094,879.4540405273438,1614.050537109375,1662.38671875,306.45965576171875,118.44938659667967,283.8216247558594,482
284.3544616699219,304.5323181152344,317.0238647460937,877.1982421875,1610.7559814453125,1665.29248046875,307.86737060546875,118.77140808105467,283.9056701660156,487
275.068115234375,305.963623046875,318.997802734375,872.6365356445312,1605.1217041015625,1664.7362060546875,307.4544982910156,115.56539916992188,282.9544677734375,491
259.44528198242193,302.8935852050781,306.6443786621094,878.6974487304688,1603.0677490234375,1664.40087890625,307.03173828125,114.6072235107422,288.16778564453125,495
293.17877197265625,305.6922302246094,320.0305480957031,875.8602905273438,1615.1455078125,1665.3485107421875,307.3327331542969,114.0901336669922,283.14971923828125,499
263.4766845703125,307.2857360839844,318.88720703125,877.0557250976562,1601.489013671875,1666.0877685546875,307.6017761230469,115.97987365722656,283.7342224121094,503
,,294.41943359375,,,,,123.4276351928711,281.4442749023437,508
266.15505981445307,304.1722106933594,316.32525634765625,875.4107666015625,1603.7047119140625,1665.9937744140625,306.3070678710937,118.92317199707033,284.23797607421875,512
252.125732421875,303.5731506347656,297.1961669921875,875.3511962890625,1596.865234375,1664.2705078125,305.9268798828125,119.77523803710938,281.8265991210937,516
232.45260620117188,301.775634765625,309.2762451171875,872.8185424804688,1596.034912109375,1664.498291015625,308.1168212890625,120.01780700683594,284.1953430175781,520
271.10861206054693,302.2319030761719,316.3972473144531,873.2749633789062,1607.121337890625,1667.5325927734375,307.9508361816406,117.08336639404295,283.6759948730469,524
232.1840057373047,302.14385986328125,314.1881408691406,866.1864013671875,,1665.21923828125,307.5721740722656,114.85276794433594,283.9979553222656,528
268.55377197265625,298.47564697265625,313.61767578125,874.5498046875,1608.5684814453125,1663.791015625,,114.62289428710938,282.3782043457031,533
246.0070037841797,300.58697509765625,316.8451538085937,871.4734497070312,1595.94287109375,1666.0323486328125,306.9560241699219,115.97942352294922,283.6326904296875,537
254.6803131103516,296.3384094238281,312.9299011230469,869.6183471679688,1603.801025390625,1663.7838134765625,308.0342102050781,114.35330200195312,283.0986328125,541
284.2446594238281,224.5055084228516,,,,1656.908935546875,,,,545
253.43785095214844,295.3916015625,315.9638977050781,878.8026733398438,1601.31396484375,1665.021484375,306.97772216796875,113.6959991455078,282.7611389160156,549
259.81893920898443,295.7269592285156,310.7398681640625,874.42529296875,1609.3865966796875,1663.7486572265625,308.6031188964844,116.53250122070312,285.1935119628906,554
252.4944610595703,293.0743713378906,310.0347900390625,879.0878295898438,1602.1181640625,1664.300048828125,307.8744506835937,118.8294677734375,283.1278991699219,558
249.8689880371093,296.87615966796875,313.5635681152344,872.6419067382812,1600.215576171875,1665.867431640625,307.259521484375,117.10719299316406,283.39715576171875,562
285.854736328125,297.2173767089844,313.1212463378906,877.168212890625,1614.1156005859375,1665.519775390625,307.8298645019531,112.20764923095705,281.99591064453125,566
249.234619140625,297.10504150390625,308.7554626464844,879.4766845703125,1600.155517578125,1666.6588134765625,306.9995422363281,118.10811614990234,283.46063232421875,570
255.2774353027344,294.51080322265625,309.6506042480469,879.5416259765625,1603.0986328125,1666.9522705078125,306.5145263671875,119.09613037109376,283.84552001953125,575
,,311.07867431640625,,,,,115.80145263671876,282.78717041015625,579
298.5874328613281,295.991455078125,308.99365234375,877.3040161132812,1625.2813720703125,1668.017333984375,306.5262145996094,118.48819732666016,284.3116149902344,583
247.6557006835937,296.3409729003906,311.8537902832031,876.819580078125,1600.0709228515625,1667.9466552734375,306.40545654296875,116.2570343017578,283.486572265625,587
,233.68923950195312,302.0497131347656,,,1656.818603515625,,113.93836975097656,278.98098754882807,591
237.76646423339844,291.7162475585937,307.8837890625,878.5988159179688,1596.7069091796875,1666.9522705078125,305.0221862792969,117.02317810058594,282.3902893066406,596
,294.913330078125,,,,1667.76953125,305.7572937011719,,,600
247.0069274902344,289.6474914550781,306.2188415527344,879.5211181640625,1603.0526123046875,1666.8037109375,307.7746276855469,115.32237243652344,283.5152282714844,604
,,305.6180725097656,,,,,120.54823303222656,285.5045166015625,608
,,308.5907287597656,,,,,117.82298278808594,284.7796630859375,612
,,304.060546875,,,,,118.69793701171876,284.5158386230469,616
,,305.0459899902344,,,,,118.2624969482422,283.74981689453125,621
290.67413330078125,282.7362976074219,299.6834716796875,873.2745361328125,1625.2408447265625,1668.71728515625,304.7718505859375,123.53514099121094,284.8827819824219,625
,,306.7518615722656,,,,,114.59130859375,281.4161376953125,629
,,294.4382019042969,,,,,122.48851776123048,286.1255798339844,633
255.7635803222656,291.0287475585937,298.23455810546875,881.0513305664062,1613.260009765625,1670.971923828125,305.6903991699219,124.1961669921875,285.1773681640625,637
,286.3182678222656,306.57696533203125,,,1668.3201904296875,306.7360534667969,113.3818359375,282.4356994628906,642
243.2958374023437,284.79107666015625,306.62091064453125,887.8929443359375,1599.257080078125,1669.005126953125,304.84490966796875,117.2881851196289,282.3915100097656,646
238.7367553710937,286.39752197265625,303.1397705078125,877.20849609375,1600.314697265625,1667.2740478515625,305.92730712890625,117.68302154541016,284.5610046386719,650
253.1385192871093,285.5247497558594,298.094970703125,879.4778442382812,1609.8326416015625,1668.194580078125,305.7611999511719,119.17869567871094,282.3231811523437,654
245.71099853515625,285.3006286621094,299.23736572265625,877.9844360351562,1603.3302001953125,1667.861572265625,304.45574951171875,120.72987365722656,283.7390441894531,658
262.21148681640625,282.3592834472656,287.91162109375,877.1900024414062,1611.66845703125,1666.49365234375,305.2862243652344,119.356201171875,284.3594055175781,663
284.645263671875,282.33367919921875,293.6260986328125,875.0291748046875,1622.510498046875,1667.4249267578125,304.5687561035156,119.13504028320312,282.07598876953125,667
242.4557037353516,288.0313415527344,292.5411682128906,874.1771240234375,1603.07958984375,1668.99853515625,305.48248291015625,126.9969711303711,289.9569091796875,671
231.4890594482422,280.38143920898443,273.7568359375,878.7015380859375,1602.6798095703125,1666.257080078125,304.2245178222656,124.03998565673828,288.3241271972656,675
241.6472320556641,281.5257263183594,293.6253662109375,878.4302368164062,1608.510498046875,1667.256591796875,303.9816589355469,120.25880432128906,282.8926696777344,679
259.44219970703125,278.14907836914057,292.3426513671875,876.6332397460938,1611.3033447265625,1668.269287109375,302.4287109375,124.49053192138672,286.43682861328125,684
243.6033935546875,275.1728515625,289.8398132324219,879.1364135742188,1617.0989990234375,1666.6072998046875,303.1422119140625,122.54967498779295,286.0066223144531,688
250.3326873779297,273.5224609375,282.9447937011719,875.017578125,1608.2117919921875,1666.89599609375,302.6199645996094,126.30519104003906,284.8400573730469,692
237.91525268554688,280.27960205078125,273.91897583007807,879.5717163085938,1602.139892578125,1667.60791015625,304.64569091796875,124.51701354980467,283.5905456542969,696
218.3659820556641,280.0477294921875,291.992431640625,882.9306640625,1601.3187255859375,1667.935302734375,304.5738525390625,122.54261016845705,283.9834899902344,700
283.2378234863281,270.96261596679693,284.9413757324219,877.740234375,,1671.116455078125,304.998291015625,126.6473159790039,282.5793151855469,704
243.2032470703125,275.59310913085943,294.6894836425781,877.8992919921875,1609.279541015625,1667.005859375,303.3554077148437,119.43714904785156,282.0446472167969,709
224.87049865722656,268.95681762695307,289.7071228027344,880.8075561523438,1601.152587890625,1662.4287109375,305.5477294921875,118.44634246826172,280.40902709960943,713
196.97586059570312,273.2948608398437,283.457763671875,874.4188842773438,,1669.259765625,303.2881164550781,126.53108215332033,283.5525817871094,717
231.54129028320312,271.94564819335943,291.2665405273437,885.6130981445312,1596.4317626953125,1667.1416015625,302.64862060546875,120.1903076171875,280.300048828125,721
225.83367919921875,274.7972717285156,289.7325744628906,872.5449829101562,1597.1058349609375,1667.257568359375,305.3890991210937,121.5504379272461,281.8017578125,725
221.36328125,275.274169921875,285.94610595703125,880.1699829101562,1597.2071533203125,1667.6583251953125,303.45684814453125,123.96134948730467,282.25811767578125,730
230.12033081054688,274.3627014160156,279.5599670410156,877.2276000976562,1607.9324951171875,1667.8360595703125,302.9587097167969,123.5684585571289,283.3030700683594,734
257.6748046875,269.0985717773437,267.41073608398443,877.9390258789062,1614.656494140625,1666.5186767578125,304.1460266113281,125.1518783569336,282.6578063964844,738
238.86929321289065,271.3841552734375,269.26968383789057,878.3580932617188,1602.6671142578125,1668.4449462890625,302.9759216308594,125.35171508789062,282.9664001464844,742
240.6839141845703,264.74496459960943,280.75204467773443,875.3395385742188,1613.4019775390625,1667.5672607421875,303.6779479980469,121.51902770996094,284.3420104980469,746
,254.620834350586,254.3007049560547,,,1662.4271240234375,304.2973022460937,125.34561920166016,276.47946166992193,751
,250.0178375244141,267.7914123535156,,,1665.7237548828125,302.3246459960937,121.44392395019533,276.42111206054693,755
,264.1810302734375,269.71075439453125,,,1664.90576171875,304.0634460449219,121.47207641601562,281.29251098632807,759
200.5577545166016,271.62551879882807,276.71197509765625,887.4808959960938,1598.2784423828125,1667.4368896484375,303.320068359375,124.4055633544922,283.3983459472656,763
143.648681640625,241.2425537109375,266.19479370117193,,1629.2344970703125,1661.7366943359375,293.0912780761719,122.81749725341795,278.55581665039057,767
217.782943725586,268.76840209960943,272.1314697265625,872.0695190429688,1598.1663818359375,1666.49609375,304.2500915527344,122.53392028808594,285.2538146972656,772
229.2353363037109,256.21823120117193,271.321044921875,884.0037841796875,1600.99560546875,1669.239013671875,299.36431884765625,126.53732299804688,282.28546142578125,776
241.6717987060547,269.33279418945307,263.55926513671875,881.655517578125,1608.068359375,1668.3095703125,303.8489685058594,123.64405059814452,281.45660400390625,780
212.4102478027344,264.07485961914057,274.17501831054693,873.9100341796875,1596.87744140625,1666.375244140625,303.66717529296875,124.01300048828124,283.8730773925781,784
,238.39044189453125,270.27572631835943,,,1661.9608154296875,304.7818298339844,125.17987060546876,276.88641357421875,788
226.1044158935547,263.27761840820307,263.97537231445307,870.3931274414062,1603.8553466796875,1668.3349609375,301.1435852050781,125.64766693115234,281.52789306640625,792
232.7281494140625,258.56231689453125,276.36672973632807,875.213134765625,1602.1099853515625,1665.5428466796875,300.6925354003906,124.88833618164062,282.978759765625,797
208.4477844238281,265.0829162597656,270.727294921875,878.2310180664062,1593.31298828125,1667.2044677734375,301.3930358886719,128.02218627929688,282.1300964355469,801
203.06138610839844,246.6748046875,255.98468017578125,867.364501953125,1609.3494873046875,1670.5946044921875,302.3774719238281,126.14854431152344,279.95016479492193,805
222.5930633544922,237.2410430908203,259.495361328125,869.1192626953125,1607.0133056640625,1660.5128173828125,,127.42574310302734,282.61376953125,809
,,267.3660888671875,,,,,126.86823272705078,281.6986694335937,813
225.8101043701172,249.0358123779297,,871.9738159179688,1608.3182373046875,1669.118896484375,301.4267578125,,,818
232.5469970703125,259.3609619140625,259.69735717773443,874.0264282226562,1608.328125,1669.2801513671875,302.97381591796875,125.43660736083984,281.0927124023437,822
203.7790679931641,259.12222290039057,270.37164306640625,878.781494140625,1598.85302734375,1670.4422607421875,302.45782470703125,123.55221557617188,281.20455932617193,826
243.32862854003903,261.01373291015625,275.38824462890625,874.7881469726562,1623.7874755859375,1668.0140380859375,303.0169677734375,123.62966918945312,280.27078247070307,830
266.45046997070307,253.026107788086,272.59185791015625,875.5308227539062,1622.50732421875,1665.23974609375,302.6228332519531,125.36103057861328,280.9241943359375,834
230.843994140625,253.27491760253903,257.3168029785156,880.3654174804688,1607.6485595703125,1669.722412109375,301.7852478027344,126.55279541015624,280.36004638671875,839
248.51319885253903,257.38153076171875,,875.6102294921875,1627.457763671875,1669.6392822265625,301.4359436035156,,,843
249.8162536621093,252.1747283935547,268.66091918945307,875.705322265625,1617.962158203125,1669.355712890625,300.991455078125,121.5921630859375,277.85305786132807,847
229.2046203613281,255.7879333496093,253.8658905029297,883.2615356445312,1608.770751953125,1670.807861328125,301.0816955566406,125.55984497070312,279.8017578125,851
223.4888916015625,250.7176971435547,268.46810913085943,880.6267700195312,1616.648193359375,1666.7275390625,298.13885498046875,121.69658660888672,281.8190612792969,855
225.8224334716797,253.72706604003903,253.35671997070312,879.8430786132812,1607.7164306640625,1670.0594482421875,300.54962158203125,125.41796112060548,280.09567260742193,860
235.7141265869141,251.7900695800781,268.3321533203125,875.43408203125,1614.865478515625,1669.28466796875,301.7769775390625,124.2144012451172,280.13113403320307,864
215.8093719482422,254.8702087402344,248.5006561279297,878.4849853515625,1607.253173828125,1668.620361328125,301.0388488769531,125.72431182861328,282.5536499023437,868
229.76980590820312,254.16783142089844,262.1689453125,878.5901489257812,1608.3389892578125,1668.0205078125,301.5926513671875,124.30133819580078,279.55303955078125,872
224.315185546875,253.2216033935547,253.38682556152344,884.0850219726562,1611.0391845703125,1669.9830322265625,299.71533203125,125.86822509765624,281.2034912109375,876
240.2758178710937,254.30311584472656,234.6279144287109,876.3400268554688,1623.5782470703125,1669.8369140625,299.7232971191406,121.7911605834961,274.5283203125,880
237.33511352539065,255.1352386474609,260.68722534179693,877.4561157226562,1614.1610107421875,1671.31591796875,299.42791748046875,124.7216339111328,281.7908630371094,885
244.95138549804688,248.6152191162109,263.24713134765625,879.0763549804688,1619.9205322265625,1668.1453857421875,299.5190734863281,124.21125793457033,280.43270874023443,889
231.3845367431641,252.07589721679688,242.773681640625,877.344970703125,1610.859130859375,1671.1053466796875,300.3645324707031,128.12959289550778,284.20819091796875,893
223.9795837402344,250.5730133056641,257.86688232421875,877.3010864257812,1607.1558837890625,1670.0845947265625,300.5610656738281,126.4708251953125,283.1343078613281,897
,251.6459197998047,259.0194091796875,,,1670.9310302734375,299.3119812011719,126.26255798339844,276.9859619140625,901
219.051513671875,244.8817596435547,248.2118530273437,878.8665161132812,1606.0029296875,1674.6376953125,303.00048828125,125.1429672241211,280.65298461914057,906
219.7549591064453,246.99996948242188,251.6971130371093,878.590087890625,1606.9818115234375,1673.7926025390625,301.8568115234375,123.6431655883789,273.90145874023443,910
251.2492218017578,251.1761779785156,256.24679565429693,873.6328125,1627.992431640625,1669.791015625,299.41729736328125,127.03718566894533,279.74978637695307,914
228.24891662597656,247.3372802734375,,876.65966796875,1612.8212890625,1669.002197265625,300.01251220703125,,,918
211.26675415039065,243.23321533203125,254.4201812744141,876.3663330078125,1603.71044921875,1672.0234375,301.557861328125,124.14344024658205,275.9725341796875,922
245.1968231201172,246.74322509765625,254.67105102539065,876.577392578125,1624.085693359375,1669.712646484375,298.97235107421875,126.57633209228516,280.19168090820307,927
239.60525512695312,248.5365447998047,251.2401123046875,875.784423828125,1618.0054931640625,1668.6500244140625,299.5204772949219,127.8650360107422,279.93283081054693,931
221.45486450195312,242.6308441162109,247.13717651367188,879.396240234375,1608.5155029296875,1672.191650390625,301.1155700683594,126.38185119628906,275.09585571289057,935
229.0782623291016,246.4124755859375,241.1068420410156,878.1986083984375,1618.3973388671875,1669.4053955078125,297.6585693359375,123.55931091308594,276.56741333007807,939
241.60211181640625,245.44732666015625,251.4346466064453,878.341796875,1618.5977783203125,1670.89599609375,299.8765563964844,125.1021499633789,279.0848693847656,943
237.6722869873047,249.0096130371093,238.1109771728516,880.1285400390625,1615.72412109375,1670.8231201171875,298.76495361328125,125.4891586303711,278.039794921875,948
244.11265563964844,245.2100067138672,251.52508544921875,878.4678955078125,1621.36279296875,1670.730712890625,299.4834289550781,127.11408233642578,280.3300170898437,952
243.8538360595703,242.76258850097656,243.33726501464844,878.0975341796875,1619.283203125,1671.738037109375,296.7411193847656,124.93911743164062,282.03076171875,956
216.28854370117188,245.87664794921875,237.3860321044922,880.2467041015625,1607.6904296875,1670.54833984375,298.9951171875,126.4222640991211,278.31451416015625,960
186.41343688964844,223.18125915527344,236.14077758789065,875.1548461914062,1615.2974853515625,1661.177734375,297.59637451171875,122.98260498046876,279.3612670898437,964
223.71994018554688,240.12548828125,244.61941528320312,876.12109375,1611.100830078125,1669.9202880859375,299.92633056640625,126.19446563720705,277.0375366210937,968
226.89366149902344,242.9768981933593,241.108627319336,878.7507934570312,1610.69287109375,1670.3612060546875,298.0549621582031,124.59274291992188,279.6786193847656,973
231.34657287597656,242.41336059570312,238.5137176513672,874.6288452148438,1621.7113037109375,1670.6275634765625,298.3584899902344,122.94680786132812,277.94805908203125,977
219.8394317626953,239.2235717773437,250.8260498046875,878.9954833984375,1611.4661865234375,1672.28857421875,297.6788330078125,121.145263671875,272.83416748046875,981
214.48350524902344,237.74853515625,249.7508544921875,880.5028076171875,1611.4610595703125,1668.556884765625,298.8966979980469,123.1937484741211,276.39230346679693,985
216.8140869140625,236.3689880371093,248.15220642089844,876.2186889648438,1616.9241943359375,1669.802490234375,298.05889892578125,120.60592651367188,274.8925170898437,989
216.0044708251953,237.63833618164065,242.42909240722656,878.9198608398438,1611.566650390625,1671.6514892578125,298.05059814453125,126.40882110595705,275.03244018554693,994
214.0831298828125,239.82733154296875,249.7886199951172,876.61962890625,1611.4288330078125,1670.81591796875,298.2567443847656,124.98004913330078,278.11672973632807,998
194.07467651367188,225.8143768310547,237.38250732421875,875.2772216796875,1605.1102294921875,1671.9202880859375,295.08477783203125,122.00083923339844,280.12091064453125,1002
193.7816619873047,233.10829162597656,246.19178771972656,879.0697631835938,1603.3216552734375,1671.8572998046875,296.3823547363281,129.44554138183594,278.80874633789057,1006
225.55535888671875,235.9918212890625,252.2184295654297,878.146728515625,1615.7657470703125,1670.5899658203125,297.7284240722656,126.31965637207033,277.97625732421875,1010
218.95037841796875,236.80519104003903,248.06765747070312,875.6992797851562,1613.2320556640625,1669.107421875,298.060791015625,124.0216827392578,274.35891723632807,1015
207.6775054931641,236.3443298339844,241.26022338867188,876.016845703125,1607.8170166015625,1670.0186767578125,296.75830078125,124.95503997802734,274.4127197265625,1019
203.5198669433593,235.3830718994141,233.9521484375,877.980224609375,1610.3267822265625,1669.5445556640625,296.1893615722656,119.65845489501952,268.965087890625,1023
197.4517974853516,234.1435852050781,242.49053955078125,880.0638427734375,1608.1739501953125,1671.32568359375,299.248046875,119.00888061523438,276.08523559570307,1027
213.7613067626953,227.25498962402344,242.5747375488281,879.3327026367188,1612.1976318359375,1669.637939453125,299.7734375,127.97964477539062,280.11431884765625,1031
227.4111633300781,234.7192840576172,248.0849609375,875.7692260742188,1620.688720703125,1671.1412353515625,299.0594482421875,125.37214660644533,281.52996826171875,1036
216.71188354492188,236.0038299560547,239.6602020263672,877.9623413085938,1611.1876220703125,1670.009765625,297.60479736328125,120.4305648803711,277.73129272460943,1040
211.0166931152344,230.3925170898437,245.9619598388672,880.4058227539062,1608.250732421875,1674.216552734375,297.889404296875,126.4018325805664,282.7936096191406,1044
237.89370727539065,215.70584106445312,244.0252990722656,874.158447265625,1614.7017822265625,1670.5885009765625,287.2977905273437,128.80148315429688,285.2309875488281,1048
229.7688446044922,216.14727783203125,241.21844482421875,875.803466796875,1607.7464599609375,1670.8951416015625,287.695068359375,126.17678833007812,285.4826965332031,1052
224.7850036621093,204.0121307373047,235.8771209716797,875.9279174804688,1603.6005859375,1666.5225830078125,283.8834533691406,130.22319030761722,286.4406433105469,1056
,,,,,,,,,1061
248.52178955078125,207.9444274902344,242.3933563232422,874.6187133789062,1616.9482421875,1668.8470458984375,288.7006530761719,124.38159942626952,287.8053283691406,1065
213.5575561523437,211.5440673828125,,877.2673950195312,1600.4296875,1665.4095458984375,292.107421875,,,1069
231.51583862304688,212.1649932861328,236.4067230224609,873.974853515625,1617.3115234375,1665.321533203125,288.5813293457031,130.5924072265625,289.67291259765625,1073
239.35899353027344,209.1461181640625,222.8468475341797,874.585693359375,1613.33349609375,1664.100341796875,297.10235595703125,127.42398071289062,290.4205017089844,1077
224.4931640625,225.1732177734375,241.2333831787109,877.1743774414062,1603.120849609375,1664.620361328125,292.6098022460937,129.26118469238278,285.4527282714844,1082
216.0580444335937,227.32931518554688,237.822509765625,872.1552124023438,1609.92529296875,1666.35595703125,286.4374084472656,130.16546630859378,286.9613037109375,1086
227.4097900390625,223.2565460205078,234.66940307617188,876.1489868164062,1608.10009765625,1669.8035888671875,293.560546875,133.27471923828122,286.7875366210937,1090
233.29132080078125,226.2955017089844,239.2656707763672,876.114501953125,1607.2255859375,1670.5208740234375,286.564208984375,132.38539123535156,287.7537841796875,1094
229.3903350830078,221.18653869628903,232.4045867919922,871.7432250976562,1618.54052734375,1668.348388671875,285.3294372558594,125.12284088134766,283.7875671386719,1098
244.4271545410156,210.4748992919922,232.6299285888672,875.0424194335938,1617.309326171875,1670.9012451171875,286.5102844238281,126.62174987792967,283.72998046875,1103
216.4631805419922,229.82530212402344,244.1751251220703,874.0830688476562,1605.177978515625,1668.101318359375,286.23077392578125,128.19422912597656,284.3337097167969,1107
193.66064453125,226.9068298339844,235.7308807373047,875.6790161132812,1606.048583984375,1669.16748046875,283.87335205078125,118.53994750976562,270.14263916015625,1111
209.7283477783203,196.47314453125,231.33790588378903,875.3973999023438,1602.16650390625,1669.1221923828125,293.6840209960937,128.53729248046878,284.69903564453125,1115
227.39791870117188,231.1786956787109,234.7867584228516,876.853515625,1608.567138671875,1669.042724609375,290.5008850097656,131.06692504882812,287.1430053710937,1119
218.3321990966797,226.48318481445312,236.77362060546875,873.912109375,1610.0570068359375,1664.8900146484375,288.4261169433594,131.40107727050778,282.3561096191406,1124
234.8023834228516,225.1919250488281,,873.9158935546875,1612.41357421875,1673.9918212890625,286.3808288574219,,,1128
,226.5623016357422,231.953369140625,,,1668.54638671875,291.70733642578125,128.71577453613278,289.8164978027344,1132
228.8998107910156,225.4886779785156,237.3978576660156,875.7343139648438,1616.9964599609375,1664.515869140625,296.207275390625,129.20921325683594,287.8927307128906,1136
242.50421142578125,219.87461853027344,238.39654541015625,876.6570434570312,1618.03173828125,1665.6781005859375,288.7554626464844,128.32989501953122,284.9660949707031,1140
234.6509552001953,222.41769409179688,239.65245056152344,875.1207885742188,1614.4603271484375,1668.352294921875,282.00445556640625,130.59442138671878,288.30133056640625,1144
235.4072723388672,229.05636596679688,239.56846618652344,874.6083984375,1612.9149169921875,1667.36865234375,287.27642822265625,129.51162719726562,284.9933166503906,1149
217.5273742675781,224.2609100341797,231.97447204589844,875.5194702148438,1604.8431396484375,1673.81640625,289.0077819824219,127.5937271118164,284.9576721191406,1153
222.5694122314453,216.426513671875,235.8385009765625,876.8596801757812,1607.15576171875,1672.748046875,287.1806335449219,125.84197235107422,287.14813232421875,1157
222.2173309326172,222.7775115966797,237.7715301513672,877.350341796875,1609.78662109375,1669.8980712890625,286.3233642578125,125.996337890625,285.7880859375,1161
224.7224273681641,211.4318389892578,234.9752349853516,879.5066528320312,1613.351318359375,1670.9969482421875,291.5085144042969,129.78746032714844,285.81640625,1165
228.24624633789065,226.6517944335937,233.084701538086,874.7476196289062,1611.76611328125,1669.490966796875,286.7449645996094,131.76411437988278,286.6474609375,1170
218.8291015625,222.176498413086,236.28504943847656,874.5989990234375,1608.0045166015625,1669.967041015625,287.6732788085937,130.26748657226562,287.6268615722656,1174
228.6856384277344,222.5315399169922,235.67330932617188,874.5816040039062,1612.4334716796875,1672.4007568359375,285.7119445800781,130.62309265136722,286.2538757324219,1178
226.0601501464844,224.2509613037109,233.5293731689453,874.0134887695312,1615.4620361328125,1670.899658203125,282.8238525390625,131.35385131835938,288.9351501464844,1182
231.4761199951172,223.3140869140625,231.47781372070312,876.1812744140625,1615.29638671875,1668.4110107421875,284.07196044921875,126.96849822998048,286.0893859863281,1186
232.9349670410156,224.83888244628903,,877.8276977539062,1614.63134765625,1670.7803955078125,287.0499267578125,,,1191
222.6627197265625,223.1228942871093,230.2310333251953,874.9927978515625,1616.7978515625,1671.446044921875,286.8479309082031,120.4605484008789,275.88314819335943,1195
236.42616271972656,220.2433013916016,230.4949493408203,876.7882690429688,1617.0533447265625,1668.49755859375,287.78790283203125,128.74946594238278,284.0308532714844,1199
227.4654693603516,219.5367584228516,225.6689758300781,877.3519287109375,1611.9366455078125,1669.969970703125,287.5430603027344,128.87763977050778,289.1873779296875,1203
200.290267944336,204.0611114501953,221.229736328125,877.7387084960938,1619.353515625,1670.912109375,288.3224792480469,134.43281555175778,286.18798828125,1207
231.58084106445312,222.3404541015625,,876.0593872070312,1614.1507568359375,1667.2515869140625,289.1982727050781,,,1212
225.75927734375,222.9333038330078,,876.8530883789062,1615.5416259765625,1668.8013916015625,286.5053100585937,,,1216
216.546142578125,228.5674285888672,233.2145233154297,876.4105224609375,1619.9329833984375,1670.6253662109375,288.4126281738281,128.83291625976562,284.9377746582031,1220
232.2315368652344,219.26612854003903,230.7105407714844,875.4200439453125,1620.883544921875,1670.264404296875,292.4813232421875,126.80306243896484,283.478759765625,1224
217.9931640625,222.29054260253903,,878.1617431640625,1615.10595703125,1668.4381103515625,290.5538635253906,,,1228
212.36309814453125,220.5910797119141,231.64051818847656,874.217529296875,1614.844970703125,1668.82763671875,289.9233093261719,122.92555236816406,275.71728515625,1232
230.11268615722656,216.1983184814453,224.0095672607422,875.978271484375,1615.8045654296875,1670.903564453125,288.897705078125,130.09994506835938,284.6313171386719,1237
,219.99331665039065,,,,1671.060302734375,288.81170654296875,,,1241
196.1161193847656,219.94468688964844,229.6619567871093,875.4443969726562,1611.689453125,1669.3677978515625,285.7657775878906,129.26242065429688,283.9092102050781,1245
227.26914978027344,212.81983947753903,233.29302978515625,875.3134155273438,1616.7559814453125,1671.213623046875,291.0442199707031,131.89662170410156,286.3529052734375,1249
185.99913024902344,206.70654296875,231.6116180419922,876.5554809570312,1609.7607421875,1668.07958984375,287.76544189453125,130.84878540039062,286.8857116699219,1253
218.1816711425781,204.0160369873047,230.4699249267578,876.3713989257812,1615.996826171875,1666.942626953125,292.728271484375,130.88371276855472,285.512939453125,1258
223.7785797119141,211.5795745849609,229.66632080078125,876.1519775390625,1615.41650390625,1662.7794189453125,285.44451904296875,128.14302062988278,285.5877685546875,1262
213.4988555908203,204.0126800537109,231.10064697265625,876.7907104492188,1615.323974609375,1661.831787109375,286.5508117675781,128.2462158203125,284.2169494628906,1266
216.12124633789065,220.1160888671875,229.87628173828125,874.521728515625,1617.214599609375,1669.8775634765625,284.5572814941406,129.29454040527344,285.1715087890625,1270
197.2742614746093,212.7464904785156,223.6470031738281,874.6284790039062,1607.7686767578125,1668.7001953125,290.3039245605469,129.83441162109378,284.3995666503906,1274
202.690185546875,217.2251892089844,230.2942047119141,875.95263671875,1617.2457275390625,1671.88525390625,286.2857666015625,131.47189331054688,283.3766784667969,1279
221.7482452392578,210.8516082763672,231.3412933349609,877.4595947265625,1618.5517578125,1672.845458984375,290.1853942871094,129.94137573242188,285.02398681640625,1283
218.2342224121093,204.5981903076172,,879.2799682617188,1614.271240234375,1669.3411865234375,286.3246765136719,,,1287
206.11111450195312,197.23703002929688,,876.7305908203125,1613.6414794921875,1672.5487060546875,283.05059814453125,,,1291
191.2448272705078,197.3834381103516,,877.2882690429688,1610.257568359375,1667.47607421875,285.3475646972656,,,1295
151.73309326171875,162.53631591796875,177.2681427001953,886.674560546875,1594.6217041015625,1674.5704345703125,292.18914794921875,133.27787780761722,282.3674011230469,1300
171.43814086914062,,,878.3103637695312,1620.30029296875,,,,,1304
209.53863525390625,184.3931427001953,216.055908203125,877.0467529296875,1615.7926025390625,1663.2064208984375,287.6106872558594,126.4307098388672,282.6026306152344,1308
211.21139526367188,206.475814819336,224.8660888671875,875.4540405273438,1613.596923828125,1674.22705078125,282.3474426269531,131.86808776855472,286.173095703125,1312
207.98828125,215.27096557617188,222.11349487304688,874.8853149414062,1621.82568359375,1672.9263916015625,286.7895812988281,130.10586547851562,283.9422607421875,1316
203.89259338378903,191.7756500244141,217.0765380859375,875.3639526367188,1612.3846435546875,1663.10791015625,289.2684936523437,131.45260620117188,284.4352722167969,1320
202.2516021728516,209.8457336425781,218.5214691162109,878.528564453125,1610.3238525390625,1670.454345703125,290.5654296875,129.98771667480472,285.6184997558594,1325
195.9078369140625,208.395736694336,224.9534149169922,878.544921875,1615.013427734375,1670.548095703125,287.23358154296875,121.98236846923828,275.84469604492193,1329
198.0694274902344,201.8468170166016,221.07801818847656,877.6444702148438,1611.6221923828125,1669.91748046875,284.5725402832031,125.04368591308594,281.9506225585937,1333
196.9436798095703,211.9920654296875,225.13385009765625,878.6591186523438,1608.70849609375,1671.3812255859375,284.6513977050781,125.46003723144533,281.6567687988281,1337
206.3378143310547,205.323486328125,,877.0543823242188,1617.09033203125,1670.9879150390625,286.1141967773437,,,1341
213.18386840820312,196.31903076171875,214.37570190429688,877.9059448242188,1615.6148681640625,1666.4417724609375,284.7785339355469,116.2882843017578,277.42977905273443,1346
205.0475006103516,193.4353790283203,207.4810028076172,878.9163818359375,1613.1552734375,1671.629150390625,281.1068420410156,117.3928451538086,294.996826171875,1350
193.8742218017578,,,874.9674072265625,1615.580810546875,,,,,1354
202.5983428955078,209.8751220703125,222.30186462402344,874.8040161132812,1612.5399169921875,1671.375,284.01397705078125,130.04991149902344,283.5676574707031,1358
197.223861694336,205.4789428710937,219.1793670654297,877.3709716796875,1609.940673828125,1674.92431640625,283.1098022460937,132.11260986328122,284.0789489746094,1362
204.0074157714844,202.2132263183593,223.785873413086,875.4952392578125,1622.5283203125,1674.416748046875,285.2864990234375,132.05862426757812,284.073486328125,1367
214.3883514404297,199.40213012695312,,874.8326416015625,1617.689697265625,1671.3795166015625,282.0361022949219,,,1371
195.7021026611328,205.79283142089844,215.30392456054688,873.8698120117188,1613.0201416015625,1673.7237548828125,283.6600952148437,124.36040496826172,286.4895935058594,1375
197.2525177001953,208.8775634765625,220.0178985595703,873.2628173828125,1612.581787109375,1670.4852294921875,284.7528076171875,127.70335388183594,284.135009765625,1379
194.8715667724609,197.6003875732422,204.2100982666016,873.2928466796875,1611.5703125,1671.2470703125,287.12481689453125,116.01380920410156,272.49057006835943,1383
176.14422607421875,205.30479431152344,,873.5745239257812,1611.0599365234375,1671.870361328125,282.4909973144531,,,1388
188.1210479736328,203.7239685058593,212.2002716064453,874.6942138671875,1609.3917236328125,1672.670654296875,282.6247863769531,118.04844665527344,265.7362365722656,1392
185.3933868408203,183.0302124023437,,873.6034545898438,1607.9779052734375,1667.2125244140625,288.7598571777344,,,1396
184.7618560791016,190.59933471679688,214.40069580078125,873.09375,1613.900146484375,1670.3006591796875,286.3509216308594,132.12503051757812,284.4857482910156,1400
198.35037231445312,205.0918273925781,213.9353790283203,875.5951538085938,1615.068359375,1671.7376708984375,285.5263671875,114.8188018798828,268.94342041015625,1404
196.00885009765625,204.36363220214844,,874.8117065429688,1612.7313232421875,1670.05078125,285.9525146484375,,,1408
195.13082885742188,200.5481719970703,205.3241729736328,874.2964477539062,1621.55419921875,1669.3455810546875,285.2110900878906,111.66046142578124,266.59640502929693,1413
184.68540954589844,206.15777587890625,,873.219970703125,1607.3580322265625,1672.1683349609375,284.09649658203125,,,1417
202.51461791992188,196.3209381103516,,874.4172973632812,1613.3641357421875,1668.8953857421875,280.593505859375,,,1421
197.57351684570312,197.3590545654297,,874.08154296875,1621.30615234375,1672.1693115234375,281.48260498046875,,,1425
160.29534912109375,178.22137451171875,206.9786834716797,870.3013916015625,1601.6104736328125,1664.95654296875,279.43002319335943,131.97525024414062,288.2817687988281,1429
175.58851623535156,167.38845825195312,204.0048828125,870.4671630859375,1607.333984375,1672.842529296875,277.620849609375,135.4820556640625,285.3415222167969,1434
167.8332061767578,177.73220825195312,207.5540771484375,877.0254516601562,1610.5203857421875,1669.55859375,285.46148681640625,130.32423400878906,290.3033447265625,1438
192.7769470214844,202.18875122070312,212.114974975586,873.87548828125,1611.4224853515625,1673.838134765625,286.9348449707031,133.15885925292972,288.54949951171875,1442
,195.6336669921875,209.4818725585937,,,1670.8939208984375,282.4661560058594,134.03358459472656,285.2514038085937,1446
194.9803771972656,196.7445678710937,209.5307159423828,874.9826049804688,1618.916015625,1671.6474609375,281.365234375,134.30181884765622,284.50811767578125,1450
211.6591186523437,194.2345123291016,206.5580139160156,875.2792358398438,1623.0081787109375,1674.082763671875,283.0393371582031,131.41278076171878,286.68896484375,1455
193.5736541748047,191.82937622070312,210.94000244140625,877.4061279296875,1615.157958984375,1676.54443359375,282.799560546875,134.68014526367188,282.97216796875,1459
200.64596557617188,190.0207061767578,212.7434997558593,876.5661010742188,1626.459228515625,1672.6011962890625,275.67120361328125,134.97781372070312,282.9595031738281,1463
196.0417633056641,188.46495056152344,209.35906982421875,874.63671875,1615.5020751953125,1672.718994140625,281.06295776367193,132.17352294921878,283.3953552246094,1467
,,202.3753204345703,,,,,136.18516540527344,282.1239318847656,1471
198.7061462402344,192.98036193847656,205.0718231201172,875.76171875,1619.3143310546875,1671.16796875,278.15313720703125,133.408447265625,281.86395263671875,1476
194.0087280273437,189.8646850585937,211.5062255859375,874.16748046875,1610.321044921875,1673.2984619140625,285.7162170410156,131.64431762695312,284.694580078125,1480
193.7846221923828,198.4008636474609,211.723388671875,875.2406005859375,1612.9281005859375,1675.0135498046875,282.4154052734375,133.93730163574222,283.59259033203125,1484
193.4193420410156,196.29396057128903,209.920150756836,874.1656494140625,1614.785888671875,1669.999267578125,282.3932800292969,132.57455444335938,284.0950927734375,1488
196.8569183349609,193.07814025878903,207.4520263671875,873.5458984375,1614.143798828125,1671.207763671875,280.77197265625,133.07652282714844,285.70928955078125,1492
192.58316040039065,201.69715881347656,211.1237945556641,873.4668579101562,1613.3116455078125,1674.8311767578125,280.73992919921875,133.76365661621094,282.42437744140625,1496
197.4130859375,184.673583984375,208.6292419433593,874.820068359375,1615.9124755859375,1667.6031494140625,281.80108642578125,134.61253356933594,283.2998046875,1501
196.58511352539065,194.61627197265625,210.0490264892578,873.3172607421875,1613.9190673828125,1673.9715576171875,284.1065368652344,132.519775390625,284.2630310058594,1505
168.22640991210938,163.32958984375,209.2275390625,877.8683471679688,1608.4510498046875,1666.9964599609375,292.0142517089844,133.92623901367188,283.7869873046875,1509
187.12274169921875,190.7957458496093,206.94395446777344,875.6603393554688,1613.7608642578125,1670.4464111328125,286.1669616699219,130.7117919921875,283.47564697265625,1513
182.9370574951172,185.8201599121093,210.1108245849609,874.3811645507812,1611.912841796875,1670.287353515625,278.6864013671875,134.43429565429688,284.55792236328125,1517
173.07427978515625,195.65625,206.683822631836,875.609619140625,1611.6348876953125,1673.6346435546875,280.50912475585943,136.76593017578122,284.9836730957031,1522
189.5523681640625,186.3184509277344,205.076416015625,874.9376831054688,1616.518310546875,1672.826171875,280.4638061523437,134.80999755859378,284.720947265625,1526
191.62374877929688,190.72344970703125,201.8774871826172,876.1129760742188,1612.762939453125,1675.16650390625,280.1728515625,133.15766906738278,285.8603210449219,1530
181.8878936767578,166.37600708007812,201.67938232421875,879.101806640625,1609.2977294921875,1667.999267578125,284.304443359375,137.12057495117188,285.4938659667969,1534
179.51976013183594,148.8719940185547,203.74810791015625,874.8798217773438,1608.72509765625,1667.0914306640625,285.9176940917969,134.67877197265622,285.5146789550781,1538
179.01901245117188,181.3762664794922,204.9862823486328,873.2606201171875,1609.4901123046875,1676.8642578125,279.13473510742193,134.70559692382812,284.6745300292969,1543
171.4178924560547,180.8105316162109,203.962890625,875.4465942382812,1609.317626953125,1672.252197265625,281.7896728515625,135.088134765625,282.3394775390625,1547
177.44300842285156,185.4502868652344,201.2481689453125,874.1905517578125,1609.03125,1673.1241455078125,281.24566650390625,135.26496887207028,282.8031311035156,1551
187.88552856445312,190.60223388671875,204.1923370361328,872.9834594726562,1614.1630859375,1675.9378662109375,279.2431030273437,135.0728759765625,282.8709411621094,1555
181.86476135253903,179.98770141601562,201.939453125,878.388916015625,1610.4290771484375,1673.040283203125,280.5826416015625,135.10282897949222,281.4813537597656,1559
180.644775390625,185.9819641113281,203.52247619628903,873.8991088867188,1608.986572265625,1674.217041015625,280.76617431640625,135.40028381347656,284.679443359375,1564
186.9898681640625,188.41424560546875,202.31451416015625,875.3329467773438,1614.086181640625,1674.6065673828125,277.73126220703125,134.92529296875,281.65673828125,1568
189.6480255126953,182.8819732666016,201.7819976806641,878.58349609375,1619.0579833984375,1675.496826171875,280.45770263671875,135.42085266113278,282.3418273925781,1572
178.3267822265625,182.4607696533203,198.5333404541016,873.4929809570312,1613.3968505859375,1677.3563232421875,277.26177978515625,132.36911010742188,284.9325256347656,1576
178.75289916992188,186.56451416015625,199.09483337402344,874.65771484375,1614.1966552734375,1673.652587890625,278.83154296875,137.46163940429688,282.9466552734375,1580
185.8933258056641,189.9519958496093,199.5117645263672,878.2608642578125,1615.0303955078125,1672.7281494140625,282.7163391113281,137.72360229492188,282.0185241699219,1584
179.9275360107422,183.3975982666016,192.2041778564453,873.8826293945312,1612.7490234375,1673.483642578125,279.81961059570307,134.11776733398438,285.5809936523437,1589
175.09439086914062,188.49832153320312,196.9185333251953,875.7374267578125,1615.44287109375,1674.4088134765625,279.69308471679693,137.776611328125,284.9307861328125,1593
169.12960815429688,158.98202514648438,194.4056091308593,878.3939208984375,1613.046630859375,1675.5118408203125,290.4983215332031,136.29432678222656,284.3908996582031,1597
177.4966278076172,188.18231201171875,193.23318481445312,873.2271728515625,1613.6983642578125,1674.739013671875,279.0262756347656,133.35829162597656,285.138916015625,1601
180.56228637695312,187.8641815185547,193.23146057128903,875.8169555664062,1616.162841796875,1674.5565185546875,278.8847045898437,136.8507080078125,283.9139404296875,1605
191.74215698242188,182.9081268310547,199.79364013671875,874.5410766601562,1616.84716796875,1673.892333984375,280.483154296875,137.04824829101562,282.8738098144531,1610
186.33517456054688,180.0525360107422,190.6440277099609,873.86376953125,1615.8546142578125,1675.7786865234375,277.7928466796875,137.79447937011722,281.4449462890625,1614
181.3618011474609,183.1011657714844,196.0350646972656,876.2235717773438,1615.23779296875,1673.99462890625,279.1557006835937,138.162841796875,282.6936340332031,1618
175.91851806640625,136.53636169433594,180.9583282470703,876.5812377929688,1612.777099609375,1671.2984619140625,289.04620361328125,140.28498840332028,282.0609130859375,1622
174.05599975585938,178.72483825683594,193.0818634033203,872.3255004882812,1610.021728515625,1677.1707763671875,277.89431762695307,136.39541625976562,280.55078125,1626
182.6275177001953,180.10595703125,195.14268493652344,877.345703125,1615.62841796875,1676.878173828125,277.93359375,139.55197143554688,281.02981567382807,1631
181.70069885253903,178.55743408203125,199.85787963867188,877.68896484375,1613.049072265625,1677.0931396484375,276.373291015625,137.34609985351562,281.7637939453125,1635
,183.62501525878903,184.95021057128903,,,1676.1658935546875,277.2245178222656,140.28605651855472,280.2967529296875,1639
,179.68331909179688,,,,1675.157958984375,275.62075805664057,,,1643
,,169.10400390625,,,,,146.81918334960938,287.7890930175781,1647
,163.1288604736328,182.88922119140625,,,1676.3922119140625,274.81768798828125,135.63557434082028,283.0382080078125,1652
,,187.7096710205078,,,,,137.34716796875,282.3380432128906,1656
,166.2472686767578,182.3542938232422,,,1672.017333984375,274.86538696289057,135.45677185058594,284.954345703125,1660
,,,,,,,,,1664
,,,,,,,,,1668
,173.613525390625,180.7119903564453,,,1674.05517578125,280.9935607910156,138.10829162597656,280.7933959960937,1672
,181.74571228027344,195.99351501464844,,,1675.96142578125,277.716064453125,137.4990234375,282.1800231933594,1677
,173.3785400390625,194.74676513671875,,,1676.4976806640625,280.28146362304693,137.8697509765625,282.3721923828125,1681
,181.25747680664065,178.26260375976562,,,1676.1705322265625,277.7660217285156,140.7945098876953,282.68927001953125,1685
,170.02052307128906,193.12628173828125,,,1678.4063720703125,276.2923583984375,137.91999816894528,282.7416687011719,1689
,168.7452850341797,192.91807556152344,,,1676.75830078125,275.4535217285156,137.72760009765622,282.1078796386719,1693
,178.7689208984375,192.4135284423828,,,1676.63134765625,276.97067260742193,137.67791748046878,281.9166259765625,1698
,179.1900634765625,178.98330688476562,,,1677.0794677734375,276.3739318847656,138.76014709472656,285.5589599609375,1702
,177.84112548828125,191.3500518798828,,,1676.7298583984375,276.66973876953125,138.05178833007812,281.90625,1706
,176.81251525878906,192.0497436523437,,,1676.9022216796875,276.53030395507807,138.18879699707028,281.7207336425781,1710
,177.45494079589844,191.57467651367188,,,1677.3350830078125,276.14959716796875,138.86947631835938,281.30673217773443,1714
,176.0601806640625,191.18736267089844,,,1677.3140869140625,276.12713623046875,138.39749145507812,281.3807678222656,1719
,175.0032501220703,174.5277557373047,,,1677.23828125,275.7716064453125,139.92243957519528,282.1614074707031,1723
,175.4768524169922,188.68458557128903,,,1677.7882080078125,275.52182006835943,139.64480590820312,280.2831420898437,1727
,174.03201293945312,173.72921752929688,,,1677.3822021484375,275.76510620117193,141.77960205078125,282.9403381347656,1731
,,186.9759979248047,,,,,138.85562133789062,282.5391540527344,1735
,163.45745849609375,186.88677978515625,,,1675.6485595703125,276.83694458007807,139.5489501953125,281.5882873535156,1740
,162.3978271484375,186.6685485839844,,,1677.1451416015625,276.6214599609375,139.60154724121094,281.8349914550781,1744
,165.48704528808594,169.4072265625,,,1676.4976806640625,275.8167724609375,138.52684020996094,284.2814025878906,1748
,,169.49441528320312,,,,,138.68890380859378,284.5986022949219,1752
,,183.99249267578125,,,,,138.85615539550778,282.937744140625,1756
,169.7344207763672,185.90496826171875,,,1678.1151123046875,274.76431274414057,139.44363403320312,280.5435791015625,1760
,,181.7479553222656,,,,,138.83631896972656,283.3115234375,1765
,,172.38356018066406,,,,,139.61972045898438,282.43756103515625,1769
,168.561279296875,184.59420776367188,,,1678.37451171875,274.089111328125,140.36856079101562,280.24935913085943,1773
,160.97982788085938,182.53277587890625,,,1680.0704345703125,274.85263061523443,140.51043701171878,281.4591064453125,1777
,166.63465881347656,173.0758514404297,,,1678.720703125,273.96652221679693,139.84481811523438,281.9928894042969,1781
,,170.7310791015625,,,,,139.62783813476562,280.82818603515625,1786
,166.53648376464844,170.69691467285156,,,1678.824951171875,273.54327392578125,138.71797180175778,281.9481201171875,1790
,166.2021026611328,182.439208984375,,,1678.886962890625,273.39569091796875,140.19107055664062,280.452392578125,1794
,166.30545043945312,180.60806274414065,,,1678.4052734375,273.45767211914057,140.580078125,280.524658203125,1798
,164.8563690185547,179.91015625,,,1678.8238525390625,273.25830078125,140.52412414550778,280.18923950195307,1802
,158.3984375,179.63169860839844,,,1678.791015625,273.84768676757807,140.74647521972656,280.209716796875,1807
,164.62171936035156,178.71026611328125,,,1678.68017578125,273.06661987304693,141.42391967773438,280.8404541015625,1811
,,167.7589874267578,,,,,140.39756774902344,282.2761535644531,1815
,,176.77786254882812,,,,,141.6248321533203,280.0936279296875,1819
,162.95169067382812,177.39134216308594,,,1678.930908203125,272.49044799804693,141.21128845214844,280.1234130859375,1823
,162.2156982421875,175.6838836669922,,,1678.7999267578125,272.3534545898437,141.5502166748047,280.45849609375,1828
,162.5118865966797,176.2255859375,,,1678.4951171875,272.35174560546875,141.45420837402344,280.42733764648443,1832
,162.6480255126953,174.814208984375,,,1678.9498291015625,272.37039184570307,141.7630157470703,280.24484252929693,1836
,,174.05360412597656,,,,,141.98114013671875,280.33798217773443,1840
,161.21937561035156,174.44139099121094,,,1678.8494873046875,272.08383178710943,141.6227569580078,280.22711181640625,1844
,161.37074279785156,173.32899475097656,,,1679.182373046875,272.04702758789057,141.77101135253906,280.13427734375,1848
169.68922424316406,159.86595153808594,173.35166931152344,876.5308227539062,1619.0931396484375,1678.8104248046875,271.6229858398437,142.02621459960938,279.66378784179693,1853
,,172.76011657714844,,,,,141.9115447998047,279.8841552734375,1857
,,172.18887329101562,,,,,141.85650634765625,280.09786987304693,1861
167.22132873535156,153.0377655029297,172.1455535888672,876.4273071289062,1618.686279296875,1678.49072265625,270.9994201660156,142.33447265625,279.777587890625,1865
,158.15330505371094,172.1633758544922,,,1678.7152099609375,271.46127319335943,142.15061950683594,279.7947998046875,1869
152.89227294921875,157.0768280029297,161.651611328125,877.3834228515625,1623.360595703125,1678.81494140625,271.080810546875,139.44003295898438,280.10525512695307,1874
,,157.83950805664062,,,,,142.68569946289062,282.9937438964844,1878
,156.63340759277344,170.3294677734375,,,1678.9384765625,270.77194213867193,142.64404296875,279.6200561523437,1882
,154.23458862304688,168.51907348632812,,,1679.002685546875,270.43246459960943,142.6190948486328,280.02127075195307,1886
162.96173095703125,155.04464721679688,169.56211853027344,876.8500366210938,1619.3460693359375,1679.086181640625,270.5203857421875,142.52859497070312,279.47616577148443,1890
163.53558349609375,155.8773956298828,167.32879638671875,876.6924438476562,1618.8681640625,1679.78857421875,270.48629760742193,142.18435668945312,279.87255859375,1895
,,163.7412109375,,,,,142.0883331298828,281.833251953125,1899
,,162.44061279296875,,,,,141.97171020507812,282.2009582519531,1903
,,163.85301208496094,,,,,142.1735382080078,281.8870544433594,1907
162.10183715820312,153.10426330566406,167.9729766845703,876.7097778320312,1618.25732421875,1679.868896484375,269.47332763671875,142.5901641845703,279.20523071289057,1911
,,163.50677490234375,,,,,142.20655822753906,281.21270751953125,1916
,151.77603149414062,165.92733764648438,,,1679.541748046875,269.22927856445307,142.48336791992188,279.55133056640625,1920
159.30821228027344,151.61871337890625,155.13418579101562,877.2509155273438,1618.4737548828125,1679.6446533203125,269.26968383789057,144.49142456054688,276.87603759765625,1924
159.6529083251953,151.15228271484375,164.55307006835938,877.439453125,1618.28369140625,1679.879150390625,269.11727905273443,143.72036743164062,278.74588012695307,1928
,151.15115356445312,164.52635192871094,,,1679.89453125,268.836181640625,144.3634033203125,278.82357788085943,1932
,150.25308227539062,163.46258544921875,,,1679.892578125,268.89434814453125,144.2516632080078,278.53781127929693,1936
,150.42247009277344,162.8304901123047,,,1679.855224609375,,143.939453125,278.7794189453125,1941
156.69178771972656,148.08839416503906,162.6719970703125,876.9713745117188,1618.2049560546875,1679.8707275390625,268.87225341796875,143.94448852539062,278.71337890625,1945
156.2602081298828,148.45709228515625,161.77488708496094,877.333984375,1618.11865234375,1680.1318359375,268.91482543945307,143.71153259277344,278.8525390625,1949
,148.38320922851562,161.58648681640625,,,1680.130126953125,,143.24241638183594,279.35989379882807,1953
,146.8553009033203,161.4285125732422,,,1679.8299560546875,,144.12664794921875,278.80038452148443,1957
,147.23846435546875,160.55673217773438,,,1679.9171142578125,,143.53797912597656,278.8251953125,1962
,146.66619873046875,160.15670776367188,,,1679.913330078125,,144.4710693359375,277.9578857421875,1966
,145.69091796875,159.1833953857422,,,1679.9508056640625,,145.06948852539062,277.85671997070307,1970
,145.04147338867188,158.1186981201172,,,1680.2850341796875,,144.906982421875,277.98095703125,1974
,,157.04092407226562,,,,,144.23602294921875,279.3026733398437,1978
,,155.80662536621094,,,,,143.74533081054688,279.64227294921875,1983
,144.861572265625,157.65333557128906,,,1680.08154296875,,144.99252319335938,277.9066467285156,1987
,144.0070037841797,156.93341064453125,,,1679.896484375,,145.3511962890625,277.95321655273443,1991
,143.9442596435547,156.4334259033203,,,1679.866455078125,,145.5041961669922,277.4090576171875,1995
,144.50669860839844,156.859130859375,,,1680.1424560546875,,145.59616088867188,277.10659790039057,1999
,142.52915954589844,156.43885803222656,,,1679.831298828125,,145.77781677246094,276.98306274414057,2004
,142.10548400878906,155.7050323486328,,,1680.429931640625,,145.58615112304688,277.0546264648437,2008
,141.2060089111328,154.2209930419922,,,1679.845703125,,145.75672912597656,278.29559326171875,2012
,140.3248291015625,153.35227966308594,,,1679.90087890625,,145.82064819335938,278.2279357910156,2016
,139.53152465820312,152.16746520996094,,,1680.0404052734375,,145.631591796875,278.77249145507807,2020
,139.64590454101562,151.59381103515625,,,1680.11572265625,,145.6667938232422,278.49050903320307,2024
,138.86979675292972,142.7410430908203,,,1680.0845947265625,,145.9495086669922,279.1951904296875,2029
,137.96607971191406,125.30887603759766,,,1680.0177001953125,,138.99319458007812,278.12142944335943,2033
,136.70951843261722,142.0148162841797,,,1679.6256103515625,,145.54226684570312,278.36798095703125,2037
,138.6513671875,143.5485382080078,,,1679.9073486328125,,145.7521514892578,277.89761352539057,2041
,138.55235290527344,149.9912567138672,,,1680.3038330078125,,146.36448669433594,276.6925048828125,2045
,133.12144470214844,149.40391540527344,,,1679.3974609375,,146.81674194335938,275.92825317382807,2050
,138.33377075195312,140.82781982421875,,,1679.8131103515625,,144.2167205810547,277.63885498046875,2054
,137.59512329101562,134.98814392089844,,,1680.07861328125,,144.46859741210938,277.05191040039057,2058
,136.92124938964844,146.7482452392578,,,1679.6466064453125,,147.13645935058594,275.8067626953125,2062
,136.48208618164062,138.14088439941406,,,1679.9677734375,,143.89767456054688,276.4169311523437,2066
,134.93258666992188,138.24589538574222,,,1680.045166015625,,147.35630798339844,278.2782592773437,2071
140.63427734375,135.21168518066406,,877.5851440429688,1617.87109375,1679.889892578125,,,,2075
,134.81430053710938,145.63514709472656,,,1679.7403564453125,,147.19012451171875,276.47235107421875,2079
,133.22358703613278,133.88130187988278,,,1679.6351318359375,,,276.49639892578125,2083
,133.08306884765622,135.09196472167972,,,1679.93896484375,,146.69000244140625,277.6922912597656,2087
,133.53532409667972,130.83702087402344,,,1679.7169189453125,,143.48976135253906,279.92633056640625,2092
